datetime,year,lat,lon,altitude_km,velocity_kms,radiated_energy_J,impact_energy_kt
5/10/2026 16:57,2026,-45.6,-109.8,32.7,22.9,60000000000.0,0.19
5/7/2026 5:52,2026,32.5,-36.8,36.0,24.8,64000000000.0,0.2
4/29/2026 14:00,2026,-81.0,133.9,28.7,17.8,48000000000.0,0.16
4/8/2026 1:58,2026,13.4,-170.2,62.0,17.8,29000000000.0,0.1
4/1/2026 23:59,2026,57.9,-158.6,37.0,37.3,22000000000.0,0.079
3/23/2026 19:23,2026,54.6,-144.1,35.0,11.5,51000000000.0,0.17
3/20/2026 10:45,2026,-52.9,-143.7,27.0,,28000000000.0,0.098
3/17/2026 12:56,2026,41.2,-82.0,45.0,14.9,126000000000.0,0.37
2/10/2026 14:26,2026,-64.0,-14.0,44.0,,21000000000.0,0.076
1/31/2026 18:07,2026,4.1,-173.4,32.0,,58000000000.0,0.19
1/30/2026 10:25,2026,-45.0,174.5,89.0,71.1,34000000000.0,0.12
12/16/2025 20:58,2025,-24.1,-92.4,25.0,19.0,96000000000.0,0.29
11/15/2025 0:48,2025,-62.2,-94.7,30.0,16.0,105000000000.0,0.32
11/11/2025 17:39,2025,27.3,-79.8,42.0,18.7,93000000000.0,0.28
10/20/2025 13:31,2025,5.7,-135.2,41.0,26.7,20000000000.0,0.073
9/13/2025 22:24,2025,-38.1,-64.8,25.1,17.8,167000000000.0,0.48
9/10/2025 11:00,2025,-14.8,-142.4,37.0,,28000000000.0,0.098
9/9/2025 17:49,2025,-2.3,-39.5,24.0,20.7,153000000000.0,0.44
9/8/2025 10:09,2025,26.4,42.2,28.4,,36000000000.0,0.12
8/19/2025 14:08,2025,30.9,131.8,27.5,19.6,658000000000.0,1.6
8/12/2025 4:09,2025,-58.5,-22.3,60.0,,44000000000.0,0.15
7/11/2025 1:48,2025,-6.6,-167.5,28.0,13.6,32000000000.0,0.11
6/26/2025 16:24,2025,33.4,-84.1,32.6,,170000000000.0,0.48
6/26/2025 0:37,2025,12.1,-103.6,30.0,19.3,132000000000.0,0.39
6/21/2025 20:55,2025,-61.3,157.9,56.3,,30000000000.0,0.1
5/31/2025 23:06,2025,21.1,-98.8,47.3,17.8,386000000000.0,1.0
4/28/2025 15:01,2025,-45.1,67.3,31.4,,34000000000.0,0.12
4/21/2025 9:27,2025,-29.1,151.6,41.0,,23000000000.0,0.082
4/8/2025 14:16,2025,-32.2,10.4,44.9,22.6,21000000000.0,0.076
3/29/2025 8:12,2025,-49.3,14.3,21.6,12.3,59000000000.0,0.19
3/27/2025 16:05,2025,14.3,-111.5,38.1,21.3,1050000000000.0,2.4
3/24/2025 5:51,2025,-70.4,114.2,21.5,28.2,49000000000.0,0.16
3/21/2025 5:06,2025,-22.8,123.5,54.2,,39000000000.0,0.13
3/18/2025 17:48,2025,-1.5,-30.4,27.0,20.1,110000000000.0,0.33
3/13/2025 9:46,2025,-7.1,75.9,38.0,28.1,750000000000.0,1.8
2/22/2025 10:26,2025,28.1,120.0,46.7,15.0,55000000000.0,0.18
2/22/2025 0:16,2025,-6.9,12.1,35.0,,35000000000.0,0.12
2/12/2025 4:33,2025,73.4,49.3,42.0,21.9,40000000000.0,0.13
2/7/2025 17:25,2025,14.4,-58.0,50.8,20.1,24000000000.0,0.086
2/6/2025 17:52,2025,-1.7,130.0,36.2,17.4,20000000000.0,0.073
2/2/2025 16:30,2025,-17.7,24.3,40.0,,40000000000.0,0.13
1/11/2025 14:46,2025,-1.2,55.3,61.0,13.2,29000000000.0,0.1
1/10/2025 21:11,2025,47.2,106.3,34.6,14.0,27000000000.0,0.095
12/28/2024 4:45,2024,57.7,-168.1,33.7,17.0,31000000000.0,0.11
12/20/2024 17:52,2024,14.3,-98.1,32.6,21.1,1540000000000.0,3.4
12/1/2024 8:50,2024,-42.7,-172.4,35.9,22.1,130000000000.0,0.38
11/29/2024 22:18,2024,-74.6,4.4,68.5,,27000000000.0,0.095
11/29/2024 17:57,2024,-79.4,74.6,62.0,,58000000000.0,0.19
11/10/2024 16:31,2024,-59.8,-73.6,43.0,,57000000000.0,0.18
10/22/2024 10:54,2024,30.0,-136.0,38.2,,45000000000.0,0.15
10/5/2024 12:27,2024,-55.9,-102.4,39.5,13.1,27000000000.0,0.095
9/28/2024 0:10,2024,-59.8,-51.8,34.2,15.0,108000000000.0,0.32
9/23/2024 6:37,2024,-45.6,-31.9,69.0,,55000000000.0,0.18
9/6/2024 12:36,2024,-12.9,117.7,27.0,22.6,21000000000.0,0.076
9/4/2024 16:39,2024,18.0,122.9,25.0,19.7,62000000000.0,0.2
8/25/2024 6:50,2024,-33.6,24.5,38.2,20.1,26000000000.0,0.092
8/20/2024 12:53,2024,,,,,60000000000.0,0.19
7/30/2024 19:27,2024,-6.7,-124.4,39.0,14.6,27000000000.0,0.095
7/20/2024 14:08,2024,-73.7,22.5,38.8,30.8,2430000000000.0,5.1
7/13/2024 3:10,2024,-7.4,-41.0,32.0,,590000000000.0,1.5
7/12/2024 0:09,2024,2.6,46.6,41.5,22.4,85000000000.0,0.26
6/28/2024 16:05,2024,55.1,140.6,29.2,15.3,38000000000.0,0.13
6/18/2024 21:01,2024,32.2,-31.8,28.7,16.2,22000000000.0,0.079
6/18/2024 13:51,2024,44.3,173.2,44.3,35.4,491000000000.0,1.2
6/3/2024 1:13,2024,-63.1,-53.2,60.0,,26700000000.0,0.094
6/1/2024 23:24,2024,-1.0,-15.9,26.5,12.6,80100000000.0,0.25
5/27/2024 3:19,2024,1.7,-39.4,56.0,39.2,84000000000.0,0.26
5/24/2024 16:19,2024,6.6,114.2,42.0,36.5,54000000000.0,0.18
5/18/2024 22:46,2024,41.0,-8.8,74.3,40.4,37900000000.0,0.13
5/15/2024 12:48,2024,49.8,-54.0,64.2,,28300000000.0,0.099
5/5/2024 20:11,2024,-7.1,-112.7,39.0,13.9,37000000000.0,0.13
4/9/2024 4:47,2024,36.5,-37.8,36.3,,33300000000.0,0.11
3/17/2024 6:17,2024,27.6,117.2,42.1,25.6,33000000000.0,0.11
2/26/2024 11:21,2024,22.9,57.1,33.1,31.3,38000000000.0,0.13
2/5/2024 0:32,2024,-13.8,123.7,23.0,14.4,48500000000.0,0.16
12/30/2023 21:04,2023,-63.4,79.9,37.0,28.3,238000000000.0,0.65
12/11/2023 8:32,2023,-53.6,146.0,31.7,26.0,122000000000.0,0.36
12/5/2023 23:10,2023,10.0,42.9,24.1,20.6,21000000000.0,0.076
11/21/2023 22:17,2023,-9.4,17.4,37.0,18.3,44000000000.0,0.15
10/30/2023 7:22,2023,-42.9,-44.7,33.8,17.6,26100000000.0,0.092
10/26/2023 8:58,2023,45.9,-174.8,44.2,30.2,292000000000.0,0.78
10/23/2023 2:51,2023,-49.6,75.4,39.0,,53500000000.0,0.17
10/16/2023 17:14,2023,-6.5,-65.4,35.3,19.8,31200000000.0,0.11
10/14/2023 22:55,2023,-8.4,-161.9,37.0,19.3,54400000000.0,0.18
9/28/2023 20:32,2023,13.2,72.4,37.0,,50100000000.0,0.16
9/7/2023 15:34,2023,27.0,150.8,,,21600000000.0,0.078
9/3/2023 4:28,2023,-43.2,102.2,37.0,,22900000000.0,0.082
8/17/2023 5:57,2023,48.6,100.1,35.4,16.1,104000000000.0,0.31
8/5/2023 19:54,2023,19.9,-131.7,44.0,21.8,1720000000000.0,3.8
7/26/2023 3:41,2023,18.9,-103.4,36.1,15.6,152000000000.0,0.44
7/7/2023 16:15,2023,14.5,-126.6,38.3,25.7,26200000000.0,0.093
7/6/2023 5:52,2023,-59.3,-145.4,71.0,,31200000000.0,0.11
6/21/2023 19:39,2023,12.4,62.8,40.4,18.1,547000000000.0,1.4
5/20/2023 11:22,2023,-17.8,141.9,29.0,27.9,3510000000000.0,7.1
5/16/2023 23:28,2023,-2.8,-53.0,,,30600000000.0,0.11
5/7/2023 23:00,2023,36.1,3.9,,,39800000000.0,0.13
4/26/2023 13:14,2023,47.0,-10.7,29.6,16.2,32000000000.0,0.11
4/15/2023 8:21,2023,-20.1,36.0,41.4,17.2,3210000000000.0,6.5
4/6/2023 14:47,2023,57.4,109.9,31.2,22.1,69400000000.0,0.22
4/1/2023 0:02,2023,-16.8,76.0,61.8,46.4,23400000000.0,0.084
3/20/2023 6:53,2023,-23.7,-132.6,34.8,,26900000000.0,0.095
3/11/2023 8:21,2023,-74.7,79.5,32.0,,445000000000.0,1.1
3/3/2023 2:53,2023,40.1,87.4,32.0,25.3,64200000000.0,0.2
2/19/2023 6:15,2023,7.9,109.9,37.0,23.0,136000000000.0,0.4
2/14/2023 22:55,2023,-48.0,-53.3,32.3,15.6,184000000000.0,0.52
2/2/2023 20:49,2023,-26.2,-143.1,33.0,,30000000000.0,0.1
1/22/2023 17:11,2023,3.5,-76.2,61.0,,19800000000.0,0.072
1/17/2023 6:57,2023,33.1,-173.7,38.0,14.2,29200000000.0,0.1
1/11/2023 23:59,2023,31.5,18.6,33.5,17.5,39400000000.0,0.13
1/9/2023 1:17,2023,-45.7,135.0,27.0,16.7,71400000000.0,0.22
1/2/2023 16:38,2023,1.5,129.0,44.6,,45800000000.0,0.15
12/29/2022 6:52,2022,42.3,92.9,32.3,16.4,57700000000.0,0.19
12/13/2022 17:26,2022,32.8,-2.1,20.0,18.7,62800000000.0,0.2
11/20/2022 15:35,2022,-17.0,-95.7,50.0,,54700000000.0,0.18
11/20/2022 13:53,2022,15.0,-109.7,26.0,21.7,33700000000.0,0.12
11/8/2022 8:54,2022,77.2,-93.2,41.0,,61700000000.0,0.2
10/28/2022 17:40,2022,7.1,-118.9,45.0,,52600000000.0,0.17
10/20/2022 20:55,2022,26.6,165.1,65.6,,49200000000.0,0.16
9/15/2022 2:49,2022,22.7,97.6,31.5,,27400000000.0,0.096
9/14/2022 23:31,2022,40.8,63.4,35.8,17.4,26500000000.0,0.094
9/4/2022 3:54,2022,20.0,165.9,14.0,21.9,24500000000.0,0.087
8/21/2022 16:35,2022,-6.3,51.5,37.0,,27400000000.0,0.096
8/14/2022 7:39,2022,-35.0,78.4,55.5,,406000000000.0,1.0
7/28/2022 1:36,2022,-6.0,-86.9,37.5,29.9,253000000000.0,0.69
7/27/2022 4:41,2022,-44.8,-2.9,38.1,19.8,533000000000.0,1.3
7/25/2022 7:28,2022,-40.5,76.6,33.6,15.2,86800000000.0,0.27
7/22/2022 0:16,2022,-23.3,-20.5,32.7,17.4,67600000000.0,0.21
7/20/2022 10:56,2022,-43.0,-59.6,32.2,16.0,46000000000.0,0.15
7/8/2022 1:36,2022,21.3,130.1,22.0,20.2,31400000000.0,0.11
7/7/2022 1:49,2022,-41.7,175.0,35.0,,734000000000.0,1.8
6/30/2022 4:02,2022,-31.9,-12.9,56.0,,91600000000.0,0.28
6/26/2022 20:16,2022,-69.7,164.7,19.0,20.1,60900000000.0,0.2
6/14/2022 13:12,2022,4.6,-39.1,61.0,,66800000000.0,0.21
6/7/2022 22:53,2022,40.8,-127.1,41.1,24.9,28200000000.0,0.099
5/24/2022 2:38,2022,16.3,-30.4,39.8,,112000000000.0,0.33
4/21/2022 22:15,2022,-55.5,-68.9,28.4,12.7,31000000000.0,0.11
4/12/2022 21:59,2022,-8.2,57.8,23.8,20.6,30900000000.0,0.11
4/4/2022 0:30,2022,-3.2,-64.3,31.5,19.7,26000000000.0,0.092
3/30/2022 18:19,2022,-45.9,-171.4,74.0,,20600000000.0,0.075
3/28/2022 10:20,2022,-7.7,74.3,29.0,19.6,378000000000.0,0.98
3/25/2022 3:43,2022,1.9,-20.6,,,21000000000.0,0.076
3/24/2022 3:43,2022,1.9,-20.6,56.7,18.2,76000000000.0,0.24
3/11/2022 21:22,2022,70.0,-9.1,33.3,17.2,1750000000000.0,3.8
3/6/2022 15:06,2022,-4.1,-99.5,,,40600000000.0,0.14
3/3/2022 0:03,2022,-50.4,45.9,72.0,,19300000000.0,0.071
2/17/2022 12:08,2022,33.5,-38.9,41.0,,107000000000.0,0.32
2/17/2022 3:53,2022,5.4,56.4,32.4,21.5,62000000000.0,0.2
2/7/2022 20:06,2022,-28.7,11.4,26.5,13.1,3480000000000.0,7.0
2/3/2022 19:50,2022,-13.3,142.2,36.0,22.8,154000000000.0,0.44
1/30/2022 2:06,2022,50.0,-38.0,36.6,20.0,50400000000.0,0.17
1/28/2022 5:04,2022,-4.5,-73.9,37.0,,348000000000.0,0.91
1/11/2022 3:33,2022,-58.4,-160.2,40.8,22.8,1260000000000.0,2.9
1/1/2022 20:23,2022,66.1,-152.6,35.5,,143000000000.0,0.42
12/29/2021 3:15,2021,-69.7,115.0,44.0,22.0,20500000000.0,0.075
12/23/2021 21:27,2021,-4.9,-29.6,37.0,,17200000000.0,0.064
12/20/2021 23:15,2021,62.7,60.3,56.0,18.2,32000000000.0,0.11
12/10/2021 1:19,2021,-47.5,172.6,27.5,,53200000000.0,0.17
11/28/2021 18:06,2021,32.6,113.5,38.4,19.7,30000000000.0,0.1
11/17/2021 15:53,2021,-6.8,119.1,35.0,23.0,25100000000.0,0.089
11/8/2021 5:28,2021,-33.8,-7.7,36.0,,29500000000.0,0.1
10/28/2021 9:10,2021,-4.1,-138.7,35.2,,27700000000.0,0.097
10/21/2021 10:32,2021,51.5,51.4,30.0,15.9,41500000000.0,0.14
10/20/2021 8:41,2021,13.8,-140.4,28.0,,59100000000.0,0.19
10/20/2021 0:43,2021,59.0,154.3,31.4,27.5,38200000000.0,0.13
9/29/2021 10:50,2021,53.9,-148.0,28.0,21.2,174000000000.0,0.49
9/6/2021 17:55,2021,-2.1,-111.8,26.0,13.6,26100000000.0,0.092
7/30/2021 8:06,2021,-7.8,90.1,63.0,,73200000000.0,0.23
7/29/2021 13:19,2021,42.4,98.4,26.4,14.7,37000000000.0,0.13
7/7/2021 13:41,2021,,,,,53000000000.0,0.17
7/5/2021 3:46,2021,44.3,-164.2,43.4,15.7,754000000000.0,1.8
6/9/2021 5:43,2021,-17.9,-55.3,,,19900000000.0,0.073
5/16/2021 15:51,2021,-52.1,-171.2,37.0,,43400000000.0,0.14
5/6/2021 5:54,2021,-34.7,141.0,31.0,26.6,55700000000.0,0.18
5/2/2021 14:12,2021,12.3,-43.4,,,30100000000.0,0.1
4/13/2021 2:16,2021,26.8,-79.1,44.4,14.1,22900000000.0,0.082
4/2/2021 15:52,2021,71.2,106.7,40.0,14.1,183000000000.0,0.52
3/6/2021 8:43,2021,-48.6,90.4,31.1,18.1,155000000000.0,0.45
3/5/2021 13:50,2021,-81.1,141.1,32.5,23.3,39100000000.0,0.13
2/28/2021 3:47,2021,9.2,-64.1,,,21900000000.0,0.079
2/9/2021 23:27,2021,75.8,-92.8,31.0,13.1,36400000000.0,0.12
2/2/2021 10:03,2021,48.7,80.1,20.0,12.8,35000000000.0,0.12
1/31/2021 2:59,2021,5.3,115.2,39.4,15.2,278000000000.0,0.75
1/29/2021 16:12,2021,38.8,-51.3,30.0,14.3,72300000000.0,0.23
1/25/2021 3:01,2021,38.5,-47.6,19.1,,72600000000.0,0.23
1/24/2021 7:33,2021,-45.0,95.5,37.5,19.2,63600000000.0,0.2
12/29/2020 20:32,2020,14.9,-158.2,33.0,14.4,99900000000.0,0.3
12/28/2020 17:27,2020,36.8,-54.7,28.3,15.2,29000000000.0,0.1
12/22/2020 23:23,2020,31.9,96.2,35.5,13.7,6670000000000.0,12.0
11/28/2020 16:34,2020,33.3,135.1,28.1,19.6,20000000000.0,0.073
11/25/2020 12:20,2020,-30.5,-81.0,,,101000000000.0,0.31
11/7/2020 21:27,2020,59.8,16.8,22.3,16.7,85300000000.0,0.26
10/26/2020 15:07,2020,-5.9,160.4,28.5,17.6,98300000000.0,0.3
10/23/2020 20:51,2020,30.0,-71.9,48.0,,427000000000.0,1.1
10/22/2020 17:39,2020,22.0,-133.5,40.0,17.6,42900000000.0,0.14
10/21/2020 18:57,2020,12.9,-150.2,,,30100000000.0,0.1
10/21/2020 6:38,2020,-29.7,-93.9,39.0,,32900000000.0,0.11
10/19/2020 7:05,2020,48.6,93.9,40.7,,22100000000.0,0.08
10/18/2020 10:52,2020,-11.4,-135.8,36.0,16.4,40900000000.0,0.14
9/18/2020 8:05,2020,2.4,-169.7,46.0,11.7,54500000000.0,0.18
8/30/2020 16:08,2020,26.0,133.5,27.8,23.4,62400000000.0,0.2
8/2/2020 16:36,2020,-35.1,-34.2,38.0,11.1,65000000000.0,0.21
7/22/2020 2:55,2020,-20.0,-103.8,36.0,,22600000000.0,0.081
7/20/2020 21:25,2020,-51.8,-11.2,31.6,14.1,50600000000.0,0.17
7/12/2020 7:50,2020,-48.7,74.0,29.4,18.3,87500000000.0,0.27
5/27/2020 17:30,2020,40.8,41.7,29.3,14.9,60500000000.0,0.19
5/18/2020 1:11,2020,-38.7,77.2,25.0,,137000000000.0,0.4
5/12/2020 23:22,2020,15.9,174.2,,,75300000000.0,0.24
5/9/2020 9:37,2020,7.2,-44.2,52.5,,39300000000.0,0.13
5/9/2020 2:56,2020,44.8,-131.0,31.2,14.5,35300000000.0,0.12
4/28/2020 5:43,2020,20.1,-109.4,,,21000000000.0,0.076
4/18/2020 13:08,2020,12.5,-49.8,,,22700000000.0,0.082
4/14/2020 11:11,2020,-65.6,-45.6,,,20000000000.0,0.073
3/26/2020 23:27,2020,-38.3,23.5,26.5,20.7,118000000000.0,0.35
3/23/2020 16:51,2020,-24.4,-67.9,25.0,,133000000000.0,0.39
3/22/2020 6:44,2020,,,,,26300000000.0,0.093
3/4/2020 20:25,2020,-53.3,90.8,24.3,19.8,379000000000.0,0.98
2/28/2020 9:30,2020,45.7,15.1,34.5,21.5,104000000000.0,0.31
2/24/2020 22:21,2020,3.6,-96.0,,,20100000000.0,0.073
2/10/2020 23:48,2020,28.2,76.7,41.7,31.7,12400000000.0,0.048
1/27/2020 5:39,2020,30.4,1.5,32.5,19.8,63200000000.0,0.2
1/24/2020 11:13,2020,28.0,-35.8,32.0,21.2,31800000000.0,0.11
1/21/2020 20:07,2020,33.1,34.3,43.3,27.4,28600000000.0,0.1
1/17/2020 21:29,2020,19.4,-66.0,14.5,15.5,133000000000.0,0.39
1/16/2020 9:31,2020,-71.7,-116.4,27.8,12.9,51400000000.0,0.17
1/15/2020 6:31,2020,-23.7,-125.2,31.5,,200000000000.0,0.56
1/6/2020 11:03,2020,-70.4,-17.5,,,33200000000.0,0.11
12/21/2019 14:30,2019,56.5,-147.6,35.5,22.2,83700000000.0,0.26
12/11/2019 1:19,2019,47.7,161.7,37.0,17.8,25100000000.0,0.089
12/6/2019 10:19,2019,-3.3,-37.7,19.5,,40800000000.0,0.14
12/3/2019 6:46,2019,5.6,-52.2,61.5,,46600000000.0,0.15
11/28/2019 20:30,2019,35.7,-31.7,35.0,13.0,29900000000.0,0.1
11/28/2019 13:22,2019,,,,,56700000000.0,0.18
11/28/2019 11:55,2019,-22.1,25.7,22.5,24.7,24700000000.0,0.088
11/5/2019 11:24,2019,-10.4,-143.3,38.0,27.4,152000000000.0,0.44
10/22/2019 22:21,2019,12.0,-76.0,40.7,,34100000000.0,0.12
10/10/2019 16:16,2019,44.3,122.9,47.3,14.1,203000000000.0,0.57
9/28/2019 10:40,2019,-12.5,-107.2,52.0,20.4,21500000000.0,0.078
9/27/2019 13:35,2019,25.7,-28.4,,,66800000000.0,0.21
9/14/2019 12:39,2019,-38.6,-33.5,38.0,15.9,111000000000.0,0.33
9/13/2019 2:02,2019,-18.6,126.9,27.4,13.5,42700000000.0,0.14
9/12/2019 12:49,2019,54.5,9.2,42.0,18.5,146000000000.0,0.42
9/12/2019 2:34,2019,24.9,-47.8,30.6,17.2,58000000000.0,0.19
8/24/2019 12:02,2019,21.9,-130.4,39.8,13.4,40000000000.0,0.13
8/22/2019 21:47,2019,-24.4,-92.9,30.2,,20000000000.0,0.073
8/16/2019 20:36,2019,38.9,7.0,36.0,14.9,30100000000.0,0.1
7/23/2019 20:42,2019,44.6,-147.6,30.6,16.1,252000000000.0,0.69
6/30/2019 16:52,2019,21.2,-129.5,59.0,42.3,32800000000.0,0.11
6/30/2019 8:11,2019,-2.5,168.7,,,21000000000.0,0.076
6/22/2019 21:25,2019,14.9,-66.2,25.0,14.9,2940000000000.0,6.0
6/20/2019 6:07,2019,7.3,-67.6,37.0,,28000000000.0,0.098
5/26/2019 10:07,2019,56.6,-25.3,24.4,17.5,22700000000.0,0.082
5/25/2019 6:44,2019,-19.2,89.4,29.2,15.8,118000000000.0,0.35
5/22/2019 15:16,2019,10.8,-37.3,32.6,,104000000000.0,0.31
5/21/2019 13:12,2019,-38.8,137.5,31.5,11.5,654000000000.0,1.6
5/19/2019 14:47,2019,-23.6,132.8,33.3,15.2,41400000000.0,0.14
5/12/2019 22:41,2019,6.2,-57.1,,,19200000000.0,0.07
5/4/2019 15:35,2019,28.4,-88.3,26.5,,22400000000.0,0.081
4/22/2019 21:42,2019,-48.8,67.8,33.3,11.4,124000000000.0,0.37
4/14/2019 17:54,2019,18.3,-74.6,30.6,15.9,32700000000.0,0.11
4/6/2019 11:59,2019,56.5,94.9,41.5,18.1,73600000000.0,0.23
4/4/2019 22:19,2019,35.3,-93.9,,,28000000000.0,0.098
3/27/2019 12:50,2019,-41.8,-7.4,,,22100000000.0,0.08
3/19/2019 2:06,2019,-24.0,140.3,28.7,16.2,28600000000.0,0.1
3/15/2019 12:26,2019,63.7,95.7,31.5,14.4,68700000000.0,0.22
2/18/2019 10:00,2019,-15.5,25.3,26.0,20.8,1990000000000.0,4.3
2/1/2019 18:17,2019,22.5,-83.8,23.7,16.3,682000000000.0,1.7
1/29/2019 20:47,2019,,,,,26600000000.0,0.094
1/22/2019 9:18,2019,18.0,6.5,42.5,11.6,48500000000.0,0.16
12/23/2018 23:38,2018,-47.5,-174.4,31.8,16.5,89900000000.0,0.28
12/18/2018 23:48,2018,56.9,172.4,26.0,32.0,31300000000000.0,49.0
11/20/2018 17:30,2018,25.3,-6.7,27.4,17.4,422000000000.0,1.1
11/17/2018 21:48,2018,47.3,-172.9,32.5,19.1,194000000000.0,0.54
11/15/2018 8:02,2018,42.0,-57.0,,,35200000000.0,0.12
11/14/2018 4:03,2018,-37.6,83.5,37.0,,27900000000.0,0.098
10/24/2018 21:19,2018,-6.7,-148.6,33.3,,41300000000.0,0.14
10/22/2018 7:11,2018,,,,,26000000000.0,0.092
10/5/2018 0:27,2018,-39.8,-31.7,31.5,14.7,62700000000.0,0.2
9/25/2018 14:10,2018,-23.5,56.8,33.0,16.5,808000000000.0,1.9
9/25/2018 0:16,2018,-34.3,44.9,40.7,12.5,54500000000.0,0.18
9/20/2018 18:29,2018,-67.3,75.1,,11.1,40300000000.0,0.14
9/17/2018 1:08,2018,-6.8,-27.8,,,162000000000.0,0.46
9/13/2018 0:51,2018,42.5,-50.1,,,38800000000.0,0.13
8/27/2018 4:36,2018,-1.7,141.4,33.0,16.1,32800000000.0,0.11
8/21/2018 12:26,2018,-39.2,-162.9,37.0,,24900000000.0,0.088
7/27/2018 9:35,2018,-58.8,105.8,32.0,,109000000000.0,0.33
7/25/2018 21:55,2018,76.9,-69.0,43.3,24.4,544000000000.0,1.4
7/17/2018 15:17,2018,82.5,-136.7,,,187000000000.0,0.53
6/26/2018 17:51,2018,32.0,12.1,63.0,14.1,29500000000.0,0.1
6/21/2018 1:16,2018,52.8,38.1,27.2,14.4,1240000000000.0,2.8
6/2/2018 16:44,2018,-21.2,23.3,28.7,16.9,346000000000.0,0.91
5/12/2018 3:26,2018,-6.5,173.7,34.0,,171000000000.0,0.49
5/8/2018 2:27,2018,32.0,-60.7,,,73000000000.0,0.23
5/3/2018 7:23,2018,46.9,-7.5,39.0,11.5,42400000000.0,0.14
4/30/2018 13:17,2018,-45.5,-1.4,34.0,13.1,30000000000.0,0.1
4/21/2018 12:06,2018,-59.0,45.8,28.2,14.6,37100000000.0,0.13
4/19/2018 14:02,2018,7.5,3.6,30.0,20.9,34000000000.0,0.12
4/19/2018 13:39,2018,-22.2,72.6,31.5,10.9,480000000000.0,1.2
4/7/2018 3:05,2018,72.4,-78.7,31.5,,71900000000.0,0.23
2/21/2018 1:28,2018,-13.5,-37.1,31.5,13.1,75200000000.0,0.24
2/15/2018 13:38,2018,-43.8,-1.1,50.7,,26300000000.0,0.093
2/12/2018 2:15,2018,-15.9,-58.9,,,35800000000.0,0.12
2/8/2018 22:21,2018,42.9,179.7,43.5,,345000000000.0,0.91
2/1/2018 12:21,2018,-19.4,104.3,37.0,16.5,188000000000.0,0.53
1/22/2018 22:06,2018,14.0,-17.4,,,29000000000.0,0.1
1/15/2018 2:18,2018,-52.0,57.2,43.6,23.7,198000000000.0,0.55
1/6/2018 21:24,2018,55.8,52.5,26.0,21.0,24000000000.0,0.086
1/6/2018 18:24,2018,-39.5,12.8,26.0,,33000000000.0,0.11
12/31/2017 9:36,2017,-63.5,-101.3,64.5,,66000000000.0,0.21
12/29/2017 12:47,2017,14.6,-49.5,38.0,,141000000000.0,0.41
12/28/2017 17:45,2017,,,,,79500000000.0,0.25
12/15/2017 13:14,2017,60.2,170.0,20.0,31.4,4000000000000.0,7.9
11/19/2017 4:17,2017,-24.2,135.0,33.3,11.4,28000000000.0,0.098
10/26/2017 22:05,2017,-21.3,177.6,42.5,,717000000000.0,1.7
10/23/2017 15:31,2017,28.8,44.6,35.4,16.7,25100000000.0,0.089
10/15/2017 4:33,2017,-65.2,128.2,24.1,15.9,32800000000.0,0.11
10/9/2017 12:51,2017,-18.3,-64.1,,,30000000000.0,0.1
10/9/2017 0:46,2017,-18.3,-64.1,,,30000000000.0,0.1
10/4/2017 12:07,2017,28.1,99.4,37.0,14.6,115000000000.0,0.34
9/5/2017 5:11,2017,49.3,-116.9,36.0,14.7,40900000000.0,0.14
7/31/2017 22:01,2017,24.7,-118.5,,,58000000000.0,0.19
7/23/2017 6:12,2017,-6.6,-69.7,38.0,17.2,42200000000.0,0.14
7/13/2017 9:30,2017,23.1,60.7,35.0,13.7,73700000000.0,0.23
6/30/2017 14:26,2017,-34.3,134.5,20.0,15.2,99200000000.0,0.3
6/23/2017 20:21,2017,57.0,143.7,35.1,24.3,136000000000.0,0.4
6/20/2017 13:41,2017,-54.2,133.0,33.3,13.6,467000000000.0,1.2
5/24/2017 7:03,2017,-9.1,101.8,46.0,18.4,97300000000.0,0.3
5/22/2017 17:44,2017,-49.6,-157.6,33.0,,38600000000.0,0.13
5/14/2017 9:30,2017,-26.0,32.4,33.0,,36300000000.0,0.12
4/30/2017 21:28,2017,-25.7,56.2,32.4,21.5,138000000000.0,0.4
3/11/2017 4:51,2017,28.3,-60.2,28.0,,1270000000000.0,2.9
3/9/2017 4:16,2017,40.5,-18.0,23.0,36.5,413000000000.0,1.1
3/8/2017 22:21,2017,-26.1,174.9,37.0,,67900000000.0,0.22
2/25/2017 1:22,2017,29.5,13.5,25.4,12.2,91600000000.0,0.28
2/22/2017 18:47,2017,-50.7,-66.0,,,40000000000.0,0.13
2/18/2017 19:48,2017,6.2,60.4,38.0,24.2,321000000000.0,0.85
2/7/2017 17:37,2017,-27.4,-14.8,54.0,,20000000000.0,0.073
2/6/2017 6:09,2017,10.4,131.6,33.5,,70800000000.0,0.22
12/23/2016 3:29,2016,21.3,49.3,42.0,29.7,44200000000.0,0.15
12/7/2016 4:51,2016,-34.5,-126.6,,,118000000000.0,0.35
11/29/2016 8:05,2016,-30.6,-93.1,,,31700000000.0,0.11
11/24/2016 14:10,2016,-15.2,80.3,30.6,17.4,138000000000.0,0.4
11/3/2016 17:14,2016,-39.6,-16.3,37.0,,76000000000.0,0.24
10/1/2016 20:23,2016,36.2,6.7,27.8,14.2,31500000000.0,0.11
9/22/2016 4:57,2016,-51.8,178.5,40.0,17.5,73100000000.0,0.23
9/14/2016 15:01,2016,-3.5,44.6,54.0,18.3,76000000000.0,0.24
8/27/2016 21:45,2016,-56.9,162.2,42.0,,142000000000.0,0.41
8/11/2016 5:59,2016,-43.7,53.8,34.3,14.9,197000000000.0,0.55
8/5/2016 18:02,2016,46.4,171.6,32.4,,117000000000.0,0.35
7/21/2016 0:48,2016,7.8,-1.6,37.0,,31100000000.0,0.11
7/5/2016 1:24,2016,1.0,48.6,38.2,25.1,168000000000.0,0.48
6/27/2016 10:02,2016,15.8,-11.9,33.3,29.1,426000000000.0,1.1
6/5/2016 6:12,2016,-17.4,138.3,28.7,14.5,338000000000.0,0.89
6/2/2016 10:56,2016,33.8,-110.9,,,249000000000.0,0.68
5/29/2016 12:14,2016,10.2,-48.8,32.0,,87400000000.0,0.27
5/20/2016 11:59,2016,-32.8,15.1,30.6,20.8,30700000000.0,0.11
5/16/2016 10:09,2016,3.2,6.6,41.7,12.2,488000000000.0,1.2
5/13/2016 0:34,2016,26.2,-122.3,33.0,,63500000000.0,0.2
4/24/2016 5:39,2016,9.8,-42.8,50.0,,133000000000.0,0.39
4/18/2016 11:59,2016,20.7,-14.5,31.5,17.1,231000000000.0,0.64
4/12/2016 9:51,2016,38.3,162.2,,,20000000000.0,0.073
4/10/2016 14:57,2016,22.0,149.0,35.2,15.1,561000000000.0,1.4
3/16/2016 23:54,2016,-49.2,-6.3,42.0,13.3,31700000000.0,0.11
3/3/2016 1:32,2016,-48.0,51.0,31.8,11.7,59200000000.0,0.19
2/23/2016 3:59,2016,32.3,67.2,44.0,17.9,35000000000.0,0.12
2/21/2016 5:58,2016,36.5,-37.2,32.0,,374000000000.0,0.97
2/19/2016 8:15,2016,0.7,-11.6,39.4,15.5,202000000000.0,0.56
2/13/2016 0:10,2016,3.1,117.9,,,52200000000.0,0.17
2/6/2016 13:55,2016,-30.4,-25.5,31.0,15.6,6850000000000.0,13.0
1/27/2016 9:59,2016,-45.8,53.6,37.0,11.5,88300000000.0,0.27
1/21/2016 16:44,2016,-10.8,0.7,42.5,18.1,118000000000.0,0.35
12/30/2015 13:07,2015,33.8,-160.7,39.0,,48200000000.0,0.16
12/21/2015 2:32,2015,5.9,143.0,42.2,12.1,83000000000.0,0.26
12/8/2015 0:34,2015,-69.9,150.5,38.0,,204000000000.0,0.57
11/13/2015 14:59,2015,16.0,124.3,28.0,,83600000000.0,0.26
11/2/2015 21:34,2015,-41.4,33.0,37.0,,78000000000.0,0.24
10/31/2015 11:34,2015,9.0,-138.0,71.0,,97300000000.0,0.3
10/30/2015 7:07,2015,-85.0,-161.7,,,242000000000.0,0.66
10/13/2015 12:23,2015,-8.0,-52.5,38.9,12.9,23000000000.0,0.082
10/11/2015 0:07,2015,-55.4,-18.8,,,29900000000.0,0.1
10/10/2015 9:57,2015,-51.0,-21.1,51.8,11.8,37500000000.0,0.13
10/4/2015 21:02,2015,22.0,-171.6,36.1,,44000000000.0,0.15
9/17/2015 21:03,2015,-43.1,94.9,,,98000000000.0,0.3
9/14/2015 23:50,2015,5.8,-15.2,,,67500000000.0,0.21
9/8/2015 13:46,2015,6.3,29.9,44.4,16.1,20200000000.0,0.074
9/7/2015 1:41,2015,14.5,98.9,29.3,21.0,1800000000000.0,3.9
9/2/2015 20:10,2015,39.1,40.2,39.8,24.1,37000000000.0,0.13
8/4/2015 10:24,2015,-9.6,125.9,,,29600000000.0,0.1
7/19/2015 7:06,2015,20.6,-87.6,22.0,17.8,23800000000.0,0.085
7/12/2015 22:23,2015,31.0,159.6,41.0,,22800000000.0,0.082
7/4/2015 1:40,2015,38.6,103.1,46.3,49.0,72500000000.0,0.23
6/14/2015 3:03,2015,6.3,124.1,32.4,31.9,70800000000.0,0.22
6/12/2015 17:03,2015,-1.3,-32.1,43.5,,253000000000.0,0.69
6/10/2015 17:47,2015,-11.5,-161.9,61.1,,384000000000.0,1.0
6/2/2015 8:44,2015,-6.4,-142.7,,,385000000000.0,1.0
5/20/2015 10:20,2015,1.0,172.6,32.4,,37100000000.0,0.13
5/18/2015 17:13,2015,32.4,139.1,29.0,,43000000000.0,0.14
5/10/2015 7:45,2015,-46.3,-179.3,29.6,12.2,142000000000.0,0.41
5/7/2015 20:34,2015,-21.5,-29.3,37.0,17.3,51900000000.0,0.17
4/30/2015 10:21,2015,-48.7,139.1,26.7,12.9,105000000000.0,0.32
4/21/2015 1:42,2015,37.7,-39.6,37.4,21.3,88000000000.0,0.27
4/10/2015 1:14,2015,-42.8,8.2,,,30300000000.0,0.11
4/8/2015 4:06,2015,-20.4,51.5,36.3,19.2,206000000000.0,0.57
4/3/2015 1:39,2015,8.4,-157.9,,,42400000000.0,0.14
3/30/2015 21:33,2015,-36.1,-5.5,33.1,13.8,66300000000.0,0.21
3/18/2015 0:04,2015,-5.4,159.3,50.0,,124000000000.0,0.37
3/11/2015 6:18,2015,8.0,119.1,35.2,19.9,72000000000.0,0.23
3/8/2015 4:26,2015,-39.1,-118.6,,,24700000000.0,0.088
3/4/2015 4:30,2015,-15.9,88.1,39.8,18.0,53000000000.0,0.17
2/26/2015 22:06,2015,68.0,-149.2,33.7,21.1,188000000000.0,0.53
2/25/2015 10:53,2015,12.4,-122.4,42.0,,58300000000.0,0.19
2/17/2015 13:19,2015,-8.0,-11.2,39.0,28.8,40500000000.0,0.14
1/9/2015 17:31,2015,-23.3,-49.2,,,22000000000.0,0.079
1/9/2015 10:41,2015,2.0,28.8,36.0,17.5,140000000000.0,0.41
1/7/2015 1:05,2015,45.7,26.9,45.5,35.7,139000000000.0,0.41
1/2/2015 13:39,2015,-31.1,140.0,38.1,18.1,20000000000.0,0.073
12/13/2014 2:53,2014,86.7,-162.1,30.7,21.7,44000000000.0,0.15
12/12/2014 6:48,2014,33.5,144.9,26.3,12.0,33000000000.0,0.11
12/9/2014 21:19,2014,76.6,96.3,26.3,,78000000000.0,0.24
11/28/2014 11:47,2014,-46.1,172.7,26.1,13.4,687000000000.0,1.7
11/27/2014 12:12,2014,-18.8,-73.4,38.0,,55000000000.0,0.18
11/26/2014 23:16,2014,-69.5,-179.7,23.3,25.3,118000000000.0,0.35
11/26/2014 17:40,2014,-68.2,-24.0,37.0,19.9,105000000000.0,0.32
11/4/2014 20:13,2014,43.1,115.8,22.2,16.0,144000000000.0,0.42
10/21/2014 18:55,2014,22.2,-132.9,,,34500000000.0,0.12
10/17/2014 14:07,2014,-4.6,-66.3,39.0,,81400000000.0,0.25
10/14/2014 10:25,2014,-2.0,119.2,27.2,16.9,36400000000.0,0.12
10/6/2014 20:02,2014,-43.7,85.7,,,39000000000.0,0.13
9/9/2014 18:55,2014,3.2,137.2,32.5,,28500000000.0,0.1
9/5/2014 21:37,2014,22.7,-150.0,,,35300000000.0,0.12
8/29/2014 23:15,2014,-6.2,-49.9,,,26100000000.0,0.092
8/28/2014 3:07,2014,3.2,-45.4,,,36100000000.0,0.12
8/23/2014 6:29,2014,-61.7,132.6,22.2,17.6,3820000000000.0,7.6
7/29/2014 7:38,2014,-49.2,-172.2,,,80400000000.0,0.25
7/29/2014 3:07,2014,-33.9,-115.9,,,54700000000.0,0.18
6/28/2014 2:40,2014,18.9,141.2,26.3,16.3,245000000000.0,0.67
6/26/2014 5:54,2014,-71.5,93.4,28.5,11.2,61000000000.0,0.2
5/29/2014 1:12,2014,21.9,-131.1,28.7,,58000000000.0,0.19
5/16/2014 20:06,2014,-39.4,-95.9,30.8,18.6,136000000000.0,0.4
5/16/2014 12:42,2014,-44.2,-176.2,44.0,16.5,351000000000.0,0.92
5/8/2014 19:42,2014,-36.9,87.3,35.4,19.0,1050000000000.0,2.4
3/29/2014 13:45,2014,-28.7,121.5,30.7,16.3,39800000000.0,0.13
3/18/2014 11:02,2014,0.0,-111.8,30.5,,540000000000.0,1.3
3/3/2014 15:00,2014,-29.0,-94.9,,,94000000000.0,0.29
2/18/2014 12:50,2014,-32.8,-61.5,,,25600000000.0,0.091
2/13/2014 6:47,2014,13.3,-110.7,25.0,,630000000000.0,1.5
1/19/2014 2:54,2014,-66.1,74.6,,,140000000000.0,0.41
1/15/2014 2:46,2014,-18.5,141.8,29.6,,140000000000.0,0.41
1/12/2014 16:00,2014,2.9,64.4,37.0,16.2,78000000000.0,0.24
1/8/2014 17:05,2014,-1.2,147.1,18.7,44.8,38200000000.0,0.13
12/23/2013 8:30,2013,39.5,2.0,34.3,15.1,295000000000.0,0.79
12/8/2013 3:10,2013,32.8,-165.1,23.5,11.8,123000000000.0,0.36
11/21/2013 1:50,2013,44.7,35.3,59.3,12.4,75000000000.0,0.23
10/12/2013 16:06,2013,-19.1,-25.0,22.2,12.8,1600000000000.0,3.5
10/9/2013 17:27,2013,,,,,60100000000.0,0.19
9/24/2013 15:31,2013,-10.3,-164.7,40.7,,160000000000.0,0.46
9/7/2013 20:49,2013,25.7,-40.2,,,43900000000.0,0.15
8/12/2013 18:08,2013,-34.4,118.2,66.6,,35000000000.0,0.12
7/31/2013 7:00,2013,,,,,39700000000.0,0.13
7/31/2013 3:50,2013,-31.8,137.1,29.1,17.8,70000000000.0,0.22
7/30/2013 2:36,2013,-50.2,90.2,25.6,18.8,390000000000.0,1.0
7/27/2013 8:30,2013,0.3,156.2,26.5,22.1,120000000000.0,0.36
7/26/2013 11:32,2013,21.0,-178.5,37.0,,20100000000.0,0.073
7/18/2013 0:46,2013,,,,,22900000000.0,0.082
6/13/2013 2:51,2013,,,,,21900000000.0,0.079
6/1/2013 22:49,2013,-65.6,138.4,28.9,,34600000000.0,0.12
5/14/2013 23:20,2013,-3.0,76.4,,,21500000000.0,0.078
4/30/2013 8:40,2013,35.5,-30.7,21.2,12.1,5110000000000.0,9.8
4/21/2013 6:23,2013,-28.1,-64.6,40.7,14.9,1070000000000.0,2.5
3/12/2013 10:32,2013,-32.7,17.1,26.0,,29000000000.0,0.1
2/20/2013 13:13,2013,-23.0,-38.8,,13.6,32000000000.0,0.1
2/15/2013 3:20,2013,54.8,61.1,23.3,18.6,375000000000000.0,441.0
2/7/2013 13:12,2013,-18.8,-158.6,,,65000000000.0,0.21
1/25/2013 7:40,2013,60.3,-64.6,,,3400000000000.0,6.9
1/12/2013 3:04,2013,-15.1,-155.6,36.1,,48700000000.0,0.16
12/30/2012 7:25,2012,17.3,-83.6,,,211000000000.0,0.59
12/18/2012 11:19,2012,,,,,30900000000.0,0.11
11/20/2012 20:37,2012,2.5,29.6,33.3,14.3,25200000000.0,0.089
11/20/2012 6:25,2012,-8.0,-86.0,,,127000000000.0,0.37
10/25/2012 15:57,2012,,,,,24200000000.0,0.086
10/19/2012 16:26,2012,-75.4,49.6,29.3,13.2,26800000000.0,0.094
10/9/2012 0:54,2012,51.2,-84.6,27.8,13.5,203000000000.0,0.57
10/3/2012 22:50,2012,-41.5,-21.9,,17.0,280000000000.0,0.75
10/2/2012 16:38,2012,-8.1,-111.9,35.0,15.4,503000000000.0,1.3
9/28/2012 5:44,2012,-6.9,73.7,,,56200000000.0,0.18
9/18/2012 19:34,2012,1.2,-52.2,28.1,18.3,254000000000.0,0.69
9/11/2012 22:07,2012,-18.9,105.2,,,103000000000.0,0.31
9/10/2012 1:03,2012,-69.8,-111.7,23.8,16.9,26500000000.0,0.094
8/27/2012 6:57,2012,-18.3,64.2,38.7,28.9,68000000000.0,0.22
8/26/2012 14:55,2012,11.8,117.0,36.0,12.7,253000000000.0,0.69
8/13/2012 5:31,2012,,,,,36000000000.0,0.12
7/27/2012 4:19,2012,63.1,172.3,27.2,,32200000000.0,0.11
7/25/2012 7:48,2012,36.4,41.5,26.8,18.5,133000000000.0,0.39
6/5/2012 7:44,2012,,,,,24400000000.0,0.087
5/25/2012 11:31,2012,-41.8,-36.2,,,66300000000.0,0.21
5/22/2012 8:31,2012,,,,,212000000000.0,0.59
5/15/2012 11:04,2012,-61.8,-135.5,33.3,17.1,132000000000.0,0.39
5/4/2012 21:54,2012,76.7,-10.6,,,231000000000.0,0.64
4/23/2012 22:01,2012,36.2,107.4,25.2,,48000000000.0,0.16
4/21/2012 16:08,2012,-15.8,-174.8,,,162000000000.0,0.46
4/19/2012 22:12,2012,5.5,16.8,,,33900000000.0,0.12
4/2/2012 16:50,2012,28.1,-95.2,,,50100000000.0,0.16
3/12/2012 6:40,2012,2.5,139.8,25.0,11.8,104000000000.0,0.31
3/3/2012 21:28,2012,7.8,2.7,20.4,,111000000000.0,0.33
3/1/2012 3:12,2012,46.9,-29.8,,,24800000000.0,0.088
2/24/2012 19:11,2012,-22.7,30.8,,,38400000000.0,0.13
2/17/2012 10:47,2012,-3.2,-39.9,45.6,,170000000000.0,0.48
2/16/2012 4:50,2012,9.8,151.8,,,116000000000.0,0.35
2/12/2012 5:25,2012,-31.7,54.9,61.0,,242000000000.0,0.66
2/4/2012 14:42,2012,32.4,0.1,34.2,12.2,130000000000.0,0.38
1/15/2012 12:26,2012,-64.1,109.9,26.3,12.3,23500000000.0,0.084
1/11/2012 2:23,2012,32.2,88.5,,,76800000000.0,0.24
12/19/2011 11:35,2011,-30.2,52.6,36.1,,147000000000.0,0.43
12/14/2011 5:01,2011,-62.9,89.6,32.4,,82700000000.0,0.26
12/11/2011 17:29,2011,,,,,27200000000.0,0.096
11/20/2011 5:25,2011,-27.9,116.3,,,23000000000.0,0.082
10/12/2011 7:13,2011,-26.4,-78.4,,,39500000000.0,0.13
9/13/2011 23:36,2011,-19.9,-13.8,21.3,16.7,67000000000.0,0.21
8/31/2011 9:44,2011,18.6,-5.1,,,37800000000.0,0.13
8/20/2011 22:01,2011,-27.2,-2.8,,,27300000000.0,0.096
8/20/2011 20:01,2011,-27.2,-2.8,,,23000000000.0,0.082
8/18/2011 14:55,2011,,,,,24600000000.0,0.088
8/11/2011 2:56,2011,18.6,-5.1,,,103000000000.0,0.31
8/4/2011 7:25,2011,-40.7,-86.7,63.0,,33600000000.0,0.12
7/27/2011 23:00,2011,-45.3,63.5,29.6,,54700000000.0,0.18
7/7/2011 23:25,2011,,,,,33300000000.0,0.11
7/5/2011 15:42,2011,29.1,139.7,40.7,,84200000000.0,0.26
7/4/2011 9:18,2011,-51.7,175.0,,,29000000000.0,0.1
6/16/2011 11:51,2011,67.3,-21.4,40.5,,31300000000.0,0.11
5/25/2011 5:40,2011,4.1,14.0,59.0,11.6,2310000000000.0,4.9
5/16/2011 13:39,2011,-1.2,92.8,,,17500000000.0,0.065
4/27/2011 20:38,2011,1.4,-126.6,28.7,,220000000000.0,0.61
4/27/2011 11:21,2011,,,,,24000000000.0,0.086
4/17/2011 20:38,2011,1.4,-126.6,,,278000000000.0,0.75
4/17/2011 11:21,2011,,,,,78100000000.0,0.24
4/11/2011 21:43,2011,,,,,58400000000.0,0.19
4/6/2011 8:30,2011,71.1,-43.5,22.2,12.7,157000000000.0,0.45
3/24/2011 20:23,2011,0.6,-127.5,59.0,,73700000000.0,0.23
3/23/2011 4:24,2011,,,,,34900000000.0,0.12
3/23/2011 4:16,2011,-16.8,-85.6,,,28500000000.0,0.1
3/1/2011 10:37,2011,53.5,103.9,30.6,11.9,32400000000.0,0.11
2/21/2011 5:07,2011,26.3,43.7,44.4,18.0,41800000000.0,0.14
2/12/2011 11:00,2011,7.8,-95.3,,,22300000000.0,0.08
1/21/2011 15:11,2011,18.9,-44.6,61.0,,74700000000.0,0.23
1/8/2011 19:38,2011,33.3,-125.8,48.0,,32800000000.0,0.11
12/25/2010 23:24,2010,38.0,158.0,26.0,18.5,5020000000000.0,9.7
12/14/2010 0:27,2010,-4.9,175.5,24.0,,40200000000.0,0.14
12/9/2010 2:54,2010,-54.5,-169.7,66.0,,63600000000.0,0.2
12/1/2010 6:31,2010,-72.5,144.9,33.3,,141000000000.0,0.41
11/21/2010 14:45,2010,1.9,143.3,50.0,,97200000000.0,0.3
11/19/2010 7:25,2010,-10.3,148.8,30.0,,33000000000.0,0.11
11/10/2010 8:26,2010,74.5,-77.7,,,85200000000.0,0.26
11/9/2010 13:05,2010,-56.3,-16.7,37.0,,95300000000.0,0.29
11/9/2010 6:56,2010,-14.0,-160.0,26.0,,20000000000.0,0.073
10/27/2010 11:27,2010,-14.1,67.7,35.2,,145000000000.0,0.42
10/8/2010 9:58,2010,,,,,26800000000.0,0.094
9/24/2010 12:02,2010,-67.4,-50.6,,,56100000000.0,0.18
9/18/2010 5:04,2010,7.4,36.7,,,66000000000.0,0.21
9/8/2010 19:51,2010,-13.9,-65.5,46.3,,99400000000.0,0.3
9/5/2010 23:37,2010,-25.9,49.0,35.2,,692000000000.0,1.7
9/3/2010 12:04,2010,-61.0,146.7,33.3,12.3,1730000000000.0,3.8
8/17/2010 4:19,2010,20.7,-114.3,33.3,,21300000000.0,0.077
8/12/2010 2:59,2010,,,,,28000000000.0,0.098
8/5/2010 19:31,2010,-21.5,46.6,,,31000000000.0,0.11
7/15/2010 1:49,2010,60.9,-178.1,,,28500000000.0,0.1
7/6/2010 23:54,2010,-34.1,-174.5,26.0,15.7,7510000000000.0,14.0
6/26/2010 6:04,2010,-0.5,133.2,50.0,,75200000000.0,0.24
6/21/2010 6:42,2010,-22.5,-120.9,,,161000000000.0,0.46
6/17/2010 4:24,2010,-26.1,100.0,42.0,,119000000000.0,0.35
4/17/2010 2:21,2010,13.1,-173.0,,,131000000000.0,0.38
4/16/2010 4:38,2010,1.8,-176.9,22.2,18.8,917000000000.0,2.2
4/6/2010 18:33,2010,52.8,-146.5,,,78900000000.0,0.25
3/18/2010 16:11,2010,-32.4,-51.8,,,175000000000.0,0.5
3/15/2010 15:55,2010,,,,,80000000000.0,0.25
3/14/2010 18:44,2010,33.8,-90.2,35.6,,38200000000.0,0.13
3/8/2010 22:44,2010,18.2,110.1,53.0,,30000000000.0,0.1
3/8/2010 22:02,2010,32.0,-92.9,52.0,24.5,319000000000.0,0.85
2/28/2010 22:24,2010,48.7,21.0,37.0,15.1,149000000000.0,0.43
2/26/2010 22:46,2010,-37.3,-166.0,,,238000000000.0,0.65
2/24/2010 19:55,2010,-2.6,-102.2,,,93000000000.0,0.28
1/15/2010 19:17,2010,-8.3,27.0,25.0,14.0,492000000000.0,1.2
12/31/2009 16:24,2009,,,,,92700000000.0,0.28
12/31/2009 12:50,2009,37.9,-178.3,20.7,,102000000000.0,0.31
11/25/2009 1:36,2009,-52.8,136.5,,,63900000000.0,0.2
11/21/2009 20:53,2009,-22.0,29.2,38.0,32.0,11200000000000.0,20.0
11/18/2009 17:36,2009,7.4,-144.3,,,87700000000.0,0.27
11/18/2009 7:07,2009,40.4,-113.2,31.5,,735000000000.0,1.8
11/14/2009 19:58,2009,,,,,23700000000.0,0.085
11/7/2009 11:31,2009,45.5,-157.7,,,22000000000.0,0.079
11/7/2009 10:41,2009,24.0,64.1,37.0,,42000000000.0,0.14
10/11/2009 12:49,2009,-78.3,70.2,27.8,,85300000000.0,0.26
10/8/2009 2:57,2009,-4.2,120.6,19.1,22.1,19800000000000.0,33.0
9/27/2009 22:22,2009,-36.0,-67.6,37.0,,118000000000.0,0.35
9/18/2009 20:13,2009,7.7,-29.5,,,146000000000.0,0.42
9/4/2009 2:23,2009,42.5,110.0,28.3,24.0,965000000000.0,2.3
8/23/2009 21:17,2009,-67.7,18.3,34.0,12.2,460000000000.0,1.2
7/31/2009 2:13,2009,8.9,-121.9,,,27300000000.0,0.096
7/16/2009 6:39,2009,-24.4,-59.8,32.2,,759000000000.0,1.8
7/3/2009 4:02,2009,,,,,28400000000.0,0.099
6/27/2009 13:08,2009,-26.6,-12.6,26.1,15.2,32000000000.0,0.11
6/20/2009 11:04,2009,,,,,27500000000.0,0.097
6/18/2009 4:39,2009,-23.7,-16.0,57.4,,32500000000.0,0.11
6/9/2009 22:42,2009,54.9,-152.7,34.2,,282000000000.0,0.76
5/31/2009 6:05,2009,19.7,-121.0,,,142000000000.0,0.41
5/13/2009 22:20,2009,,,,,76100000000.0,0.24
5/13/2009 20:20,2009,,,,,73000000000.0,0.23
5/4/2009 11:39,2009,36.4,-160.4,40.7,,53000000000.0,0.17
4/20/2009 4:01,2009,6.0,84.3,,,33500000000.0,0.12
4/10/2009 18:42,2009,-44.7,25.7,32.4,19.1,264000000000.0,0.72
3/15/2009 5:44,2009,-21.7,-98.6,,,32000000000.0,0.11
3/4/2009 0:38,2009,,,,,42000000000.0,0.14
3/1/2009 9:00,2009,,,,,20000000000.0,0.073
2/20/2009 12:15,2009,-64.9,-70.0,,,50000000000.0,0.16
2/7/2009 19:51,2009,56.6,69.8,40.0,15.4,1600000000000.0,3.5
1/12/2009 22:24,2009,47.8,-44.3,,,48000000000.0,0.16
1/10/2009 7:42,2009,-64.0,122.8,26.5,,23000000000.0,0.082
12/24/2008 15:51,2008,-68.9,-102.0,21.1,24.1,35000000000.0,0.12
12/12/2008 11:36,2008,-7.0,-9.7,50.0,,216000000000.0,0.6
12/9/2008 6:08,2008,,,,,34000000000.0,0.12
11/24/2008 22:01,2008,-57.9,146.1,34.8,23.7,146000000000.0,0.42
11/21/2008 0:26,2008,53.1,-109.9,28.2,12.9,142000000000.0,0.41
11/18/2008 9:41,2008,-29.4,75.9,35.2,22.4,25000000000.0,0.089
11/9/2008 2:38,2008,14.5,112.7,29.6,,222000000000.0,0.61
10/21/2008 2:20,2008,32.8,-165.6,29.6,11.3,46000000000.0,0.15
10/10/2008 9:34,2008,-57.3,17.0,21.4,,180000000000.0,0.51
10/7/2008 2:45,2008,20.9,31.4,38.9,13.3,395000000000.0,1.0
9/9/2008 9:49,2008,,,,,59000000000.0,0.19
8/16/2008 14:40,2008,11.3,97.2,,,131000000000.0,0.38
8/12/2008 11:44,2008,-11.6,-175.0,,,20000000000.0,0.073
8/7/2008 6:07,2008,18.5,180.0,45.4,13.8,41000000000.0,0.14
7/23/2008 14:45,2008,38.6,68.0,31.5,14.5,121000000000.0,0.36
7/22/2008 19:34,2008,-17.8,-89.2,54.4,,61000000000.0,0.2
7/11/2008 14:35,2008,,,,,52000000000.0,0.17
7/8/2008 15:55,2008,72.8,147.3,52.2,21.7,66000000000.0,0.21
7/1/2008 17:40,2008,37.1,-115.7,36.1,9.8,36000000000.0,0.12
6/27/2008 2:01,2008,-26.9,-17.7,33.7,23.1,172000000000.0,0.49
6/18/2008 13:45,2008,6.1,103.1,,,21000000000.0,0.076
5/29/2008 21:23,2008,15.7,-83.5,,,21000000000.0,0.076
5/24/2008 10:18,2008,0.8,162.0,37.0,14.2,150000000000.0,0.43
5/22/2008 20:50,2008,46.9,134.5,,,21000000000.0,0.076
5/15/2008 11:29,2008,28.0,-41.5,,,80000000000.0,0.25
5/6/2008 1:08,2008,,,,,57000000000.0,0.18
4/30/2008 1:18,2008,-33.6,-35.1,,,20000000000.0,0.073
4/7/2008 1:02,2008,-31.8,-58.5,,,21000000000.0,0.076
4/6/2008 16:03,2008,,,,,77000000000.0,0.24
3/15/2008 11:29,2008,28.0,-41.5,26.7,12.9,50000000000.0,0.16
2/24/2008 19:33,2008,,,,,74000000000.0,0.23
2/19/2008 13:30,2008,48.9,-119.8,,,20000000000.0,0.073
2/18/2008 8:51,2008,,,,,50000000000.0,0.16
2/17/2008 12:19,2008,74.9,-73.4,40.4,13.9,110000000000.0,0.33
2/16/2008 8:38,2008,,,,,71000000000.0,0.22
1/18/2008 1:17,2008,,,,,44000000000.0,0.15
1/9/2008 3:53,2008,-66.8,-67.3,31.5,11.6,41000000000.0,0.14
12/26/2007 6:46,2007,-61.6,-158.9,,,136000000000.0,0.4
12/20/2007 17:00,2007,51.3,115.4,,,122000000000.0,0.36
10/25/2007 19:35,2007,-40.9,91.3,46.3,,58000000000.0,0.19
10/12/2007 9:14,2007,88.5,116.6,37.0,18.4,33000000000.0,0.11
10/7/2007 13:31,2007,-35.2,125.6,,,58000000000.0,0.19
9/22/2007 17:57,2007,-49.2,-85.5,30.2,16.9,237000000000.0,0.65
6/11/2007 9:47,2007,-23.4,-170.9,35.2,17.0,49000000000.0,0.16
6/10/2007 9:47,2007,23.4,-170.9,,,49000000000.0,0.16
6/8/2007 13:32,2007,-52.1,175.3,38.9,,235000000000.0,0.65
6/7/2007 21:28,2007,21.9,53.1,29.6,,31000000000.0,0.11
5/16/2007 16:20,2007,-4.5,111.7,,,38000000000.0,0.13
5/16/2007 4:45,2007,-42.4,164.0,31.5,,400000000000.0,1.0
5/4/2007 17:52,2007,22.9,109.4,48.0,,175000000000.0,0.5
4/18/2007 12:44,2007,-83.7,-171.2,38.0,24.4,112000000000.0,0.33
4/16/2007 14:56,2007,,,,,24000000000.0,0.086
3/17/2007 6:48,2007,7.1,4.1,32.5,14.5,40000000000.0,0.13
3/15/2007 2:20,2007,-44.1,-148.4,,,25000000000.0,0.089
3/7/2007 15:16,2007,,,,,27000000000.0,0.095
2/2/2007 12:48,2007,24.0,-37.2,35.5,,340000000000.0,0.89
1/26/2007 22:22,2007,3.7,99.7,,,147000000000.0,0.43
1/22/2007 7:24,2007,45.4,53.5,32.0,13.4,76000000000.0,0.24
1/18/2007 13:51,2007,5.3,-164.3,34.1,,32000000000.0,0.11
1/17/2007 9:50,2007,-8.7,50.8,33.3,,548000000000.0,1.4
1/1/2007 11:43,2007,44.4,116.5,53.0,,36000000000.0,0.12
12/9/2006 6:31,2006,26.2,26.0,26.5,15.9,7410000000000.0,14.0
12/7/2006 11:42,2006,14.0,-140.0,,,21000000000.0,0.076
12/1/2006 6:09,2006,-13.0,30.7,,,63000000000.0,0.2
11/13/2006 15:16,2006,-44.0,43.3,,,23000000000.0,0.082
10/24/2006 8:42,2006,-1.9,-2.7,43.0,,225000000000.0,0.62
10/14/2006 18:10,2006,49.4,-175.0,44.4,23.9,258000000000.0,0.7
10/9/2006 4:45,2006,-47.0,78.9,22.2,,41000000000.0,0.14
10/7/2006 12:18,2006,-23.0,-61.8,40.7,,41000000000.0,0.14
10/2/2006 19:10,2006,14.0,53.1,42.0,,90000000000.0,0.28
9/27/2006 8:33,2006,-32.0,60.2,48.1,,107000000000.0,0.32
9/23/2006 18:52,2006,-29.0,-108.0,,,121000000000.0,0.36
9/2/2006 17:51,2006,,,,,22000000000.0,0.079
9/2/2006 4:26,2006,-14.0,109.1,44.1,14.2,1230000000000.0,2.8
8/29/2006 1:38,2006,-44.0,-162.0,40.7,,92000000000.0,0.28
8/18/2006 0:03,2006,-43.0,33.4,47.2,,32000000000.0,0.11
8/17/2006 10:43,2006,-11.0,165.7,48.2,,256000000000.0,0.7
8/15/2006 10:52,2006,4.9,49.6,32.7,,47000000000.0,0.16
8/9/2006 4:30,2006,-23.1,53.7,37.0,,1020000000000.0,2.4
7/15/2006 23:55,2006,-78.3,-5.0,29.6,12.4,85000000000.0,0.26
7/15/2006 15:22,2006,31.1,45.6,38.9,30.2,163000000000.0,0.47
6/7/2006 0:06,2006,69.2,22.5,40.7,19.6,59000000000.0,0.19
5/28/2006 1:32,2006,,,,,26000000000.0,0.092
5/21/2006 7:51,2006,-11.6,-25.5,,,263000000000.0,0.71
5/7/2006 17:45,2006,,,,,30000000000.0,0.1
5/6/2006 15:39,2006,-60.2,-152.3,35.2,,128000000000.0,0.38
4/25/2006 18:46,2006,,,,,20000000000.0,0.073
4/8/2006 13:16,2006,17.3,-113.2,33.3,,127000000000.0,0.37
4/4/2006 11:30,2006,26.6,-26.6,25.0,,2400000000000.0,5.0
3/14/2006 3:21,2006,7.0,-64.6,35.2,,144000000000.0,0.42
2/26/2006 7:30,2006,,,,,70000000000.0,0.22
2/6/2006 1:57,2006,-54.5,18.1,35.2,,1190000000000.0,2.7
2/4/2006 8:38,2006,36.9,-143.6,38.9,19.8,100000000000.0,0.3
1/28/2006 3:33,2006,-51.7,56.4,37.0,18.7,740000000000.0,1.8
1/27/2006 1:27,2006,58.7,74.7,20.0,,45000000000.0,0.15
1/26/2006 0:00,2006,-79.8,-111.0,37.0,,53000000000.0,0.17
1/10/2006 23:25,2006,29.8,-12.7,32.4,16.9,28000000000.0,0.098
1/8/2006 5:20,2006,7.6,-28.2,,,94000000000.0,0.29
12/29/2005 10:05,2005,-3.0,-154.9,42.2,20.7,190000000000.0,0.53
12/24/2005 15:30,2005,-54.0,17.3,66.0,,181000000000.0,0.51
12/3/2005 12:45,2005,-33.8,117.4,32.2,17.0,88000000000.0,0.27
12/1/2005 10:40,2005,-6.4,-155.8,,,32000000000.0,0.11
11/29/2005 7:33,2005,7.6,-58.2,59.3,,32000000000.0,0.11
11/15/2005 5:19,2005,26.3,-113.4,32.4,,25000000000.0,0.089
11/11/2005 20:34,2005,21.4,-134.1,29.6,,42000000000.0,0.14
11/9/2005 7:33,2005,-31.0,145.9,30.7,13.8,73000000000.0,0.23
11/2/2005 7:04,2005,33.9,-154.9,68.5,,32000000000.0,0.11
11/2/2005 5:16,2005,22.9,-123.8,74.0,,67000000000.0,0.21
10/26/2005 21:30,2005,-36.3,-80.5,16.7,,138000000000.0,0.4
9/30/2005 19:04,2005,-2.8,-84.1,53.0,,22000000000.0,0.079
9/14/2005 1:08,2005,11.6,27.3,33.3,,25000000000.0,0.089
9/2/2005 7:59,2005,13.5,73.1,,,82000000000.0,0.25
8/20/2005 12:10,2005,,,,,27000000000.0,0.095
8/9/2005 14:35,2005,-21.5,56.2,37.0,16.9,25000000000.0,0.089
7/1/2005 22:36,2005,-49.8,33.1,50.0,,31000000000.0,0.11
6/18/2005 19:40,2005,47.9,85.6,,,23000000000.0,0.082
6/5/2005 1:56,2005,34.8,90.9,,,41000000000.0,0.14
6/3/2005 8:15,2005,-31.0,-90.3,29.6,26.2,82000000000.0,0.25
5/27/2005 14:12,2005,-48.9,145.1,50.5,,20000000000.0,0.073
5/14/2005 13:02,2005,,,,,129000000000.0,0.38
5/7/2005 9:31,2005,-75.8,163.7,15.2,16.6,26000000000.0,0.092
5/2/2005 20:10,2005,17.7,36.0,,,46000000000.0,0.15
4/22/2005 11:18,2005,20.9,-36.7,37.0,,22000000000.0,0.079
4/19/2005 7:37,2005,-50.2,-146.4,38.5,16.8,232000000000.0,0.64
4/16/2005 10:40,2005,,,,,20000000000.0,0.073
4/15/2005 6:54,2005,-43.8,-73.9,39.0,,21000000000.0,0.076
4/14/2005 14:05,2005,4.9,-176.0,26.5,,71000000000.0,0.22
4/11/2005 5:20,2005,-34.2,-95.7,37.0,,106000000000.0,0.32
4/6/2005 1:30,2005,-42.7,154.6,70.0,,29000000000.0,0.1
4/5/2005 17:48,2005,,,,,35000000000.0,0.12
4/3/2005 1:45,2005,-1.0,112.4,59.2,,219000000000.0,0.61
4/2/2005 22:52,2005,14.1,169.7,27.2,,204000000000.0,0.57
3/31/2005 22:15,2005,42.8,-36.2,,,38000000000.0,0.13
3/18/2005 16:48,2005,-9.7,-34.7,33.0,,27000000000.0,0.095
3/12/2005 22:16,2005,,,,,22000000000.0,0.079
3/9/2005 15:47,2005,-21.4,-157.9,44.4,,53000000000.0,0.17
3/9/2005 12:49,2005,14.3,142.7,30.7,,40000000000.0,0.13
3/6/2005 17:32,2005,,,,,55000000000.0,0.18
2/22/2005 22:51,2005,,,,,41000000000.0,0.14
2/17/2005 22:52,2005,48.0,-161.5,42.5,,100000000000.0,0.3
1/19/2005 1:43,2005,-27.5,-164.9,40.7,,141000000000.0,0.41
1/2/2005 23:09,2005,-21.3,154.7,35.2,21.5,119000000000.0,0.35
1/1/2005 3:44,2005,32.7,12.4,31.8,,454000000000.0,1.2
12/29/2004 7:11,2004,-8.5,-171.8,,,90000000000.0,0.28
12/13/2004 11:35,2004,-9.7,155.3,,,39000000000.0,0.13
12/11/2004 15:36,2004,36.0,104.1,,,30000000000.0,0.1
11/30/2004 8:32,2004,61.0,-171.0,,,181000000000.0,0.51
11/17/2004 3:13,2004,,,,,186000000000.0,0.52
10/14/2004 11:41,2004,,,,,93000000000.0,0.28
10/10/2004 11:05,2004,,,,,30000000000.0,0.1
10/7/2004 13:14,2004,-27.3,71.5,35.0,19.2,10400000000000.0,18.0
10/4/2004 4:39,2004,3.7,-150.9,,,71000000000.0,0.22
9/28/2004 8:57,2004,0.2,-101.1,,,62000000000.0,0.2
9/3/2004 12:07,2004,-67.7,18.2,31.5,,7260000000000.0,13.0
8/22/2004 10:01,2004,-51.9,22.7,37.0,,1440000000000.0,3.2
7/29/2004 12:41,2004,,,,,25000000000.0,0.089
7/25/2004 5:29,2004,,,,,197000000000.0,0.55
7/22/2004 3:34,2004,,,,,35000000000.0,0.12
7/16/2004 0:11,2004,,,,,29000000000.0,0.1
7/4/2004 16:58,2004,,,,,79000000000.0,0.25
7/3/2004 20:47,2004,,,,,65000000000.0,0.21
6/12/2004 7:13,2004,21.7,175.3,,,104000000000.0,0.31
6/11/2004 15:41,2004,,,,,104000000000.0,0.31
6/5/2004 20:34,2004,1.3,-174.4,43.0,19.5,1810000000000.0,3.9
6/4/2004 13:41,2004,,,,,339000000000.0,0.89
6/3/2004 21:59,2004,,,,,47000000000.0,0.16
6/3/2004 9:40,2004,48.9,-120.4,,,54000000000.0,0.18
5/18/2004 11:12,2004,-28.1,-47.4,,,394000000000.0,1.0
5/17/2004 2:08,2004,-18.9,28.3,44.0,,55000000000.0,0.18
5/6/2004 2:22,2004,,,,,49000000000.0,0.16
4/23/2004 0:33,2004,,,,,56000000000.0,0.18
4/22/2004 21:19,2004,-15.2,55.1,,,139000000000.0,0.41
4/22/2004 4:21,2004,-44.3,83.3,29.6,16.3,624000000000.0,1.5
4/6/2004 3:24,2004,-12.0,162.8,35.0,25.6,433000000000.0,1.1
3/26/2004 16:35,2004,-7.6,155.1,46.0,,24000000000.0,0.086
3/25/2004 9:39,2004,-4.8,21.0,,,21000000000.0,0.076
2/27/2004 1:18,2004,,,,,60000000000.0,0.19
2/2/2004 18:52,2004,-18.3,52.3,,,30000000000.0,0.1
1/22/2004 1:06,2004,-50.6,157.8,37.0,,232000000000.0,0.64
1/17/2004 20:11,2004,,,,,28000000000.0,0.098
1/16/2004 11:17,2004,,,,,98000000000.0,0.3
1/2/2004 4:27,2004,-28.2,3.2,63.0,,134000000000.0,0.39
12/9/2003 22:36,2003,-67.1,-90.8,,,643000000000.0,1.6
11/26/2003 2:00,2003,-22.9,22.7,32.0,,35000000000.0,0.12
11/10/2003 13:54,2003,-64.5,136.2,23.0,20.1,518000000000.0,1.3
11/1/2003 14:09,2003,-51.4,151.7,,,73000000000.0,0.23
10/16/2003 0:47,2003,,,,,285000000000.0,0.77
10/13/2003 14:06,2003,,,,,30000000000.0,0.1
10/7/2003 0:23,2003,,,,,37000000000.0,0.13
9/27/2003 12:59,2003,21.0,86.6,26.0,18.2,2150000000000.0,4.6
9/22/2003 3:45,2003,,,,,33000000000.0,0.11
9/21/2003 7:40,2003,,,,,20000000000.0,0.073
9/20/2003 19:04,2003,,,,,30000000000.0,0.1
9/2/2003 20:00,2003,51.3,-161.0,,,385000000000.0,1.0
8/26/2003 22:08,2003,,,,,72000000000.0,0.23
8/26/2003 8:44,2003,,,,,249000000000.0,0.68
8/17/2003 13:16,2003,-39.0,34.0,,,647000000000.0,1.6
8/1/2003 4:09,2003,,,,,21000000000.0,0.076
7/21/2003 5:11,2003,,,,,58000000000.0,0.19
6/22/2003 22:53,2003,,,,,21000000000.0,0.076
6/21/2003 14:49,2003,,,,,38000000000.0,0.13
6/16/2003 17:17,2003,,,,,65000000000.0,0.21
6/10/2003 14:11,2003,-41.8,122.9,,,32000000000.0,0.11
5/27/2003 23:32,2003,5.2,166.2,,,68000000000.0,0.22
5/19/2003 3:38,2003,,,,,521000000000.0,1.3
5/18/2003 7:51,2003,,,,,21000000000.0,0.076
5/15/2003 6:28,2003,54.0,-80.4,,,43000000000.0,0.14
4/28/2003 13:06,2003,,,,,23000000000.0,0.082
4/13/2003 17:58,2003,14.8,64.5,17.0,,175000000000.0,0.5
4/7/2003 9:25,2003,-18.4,162.6,,,22000000000.0,0.079
4/1/2003 4:40,2003,,,,,31000000000.0,0.11
3/27/2003 5:50,2003,41.4,-87.7,45.0,,142000000000.0,0.41
2/25/2003 23:13,2003,40.0,116.0,,,33000000000.0,0.11
2/12/2003 23:45,2003,,,,,79000000000.0,0.25
2/12/2003 2:37,2003,-31.5,107.5,,,139000000000.0,0.41
2/6/2003 17:00,2003,-62.9,-113.9,,,197000000000.0,0.55
2/5/2003 6:16,2003,,,,,103000000000.0,0.31
2/4/2003 14:07,2003,-59.9,41.0,,,135000000000.0,0.4
1/30/2003 6:02,2003,,,,,107000000000.0,0.32
11/28/2002 15:41,2002,,,,,46000000000.0,0.15
11/21/2002 0:11,2002,-1.4,-154.0,,,240000000000.0,0.66
11/12/2002 21:49,2002,-21.1,-6.8,,,43000000000.0,0.14
11/10/2002 22:13,2002,16.2,-166.4,,,460000000000.0,1.2
10/9/2002 12:00,2002,-4.3,-175.9,,,49000000000.0,0.16
10/4/2002 10:08,2002,,,,,117000000000.0,0.35
9/24/2002 16:48,2002,57.9,112.9,,,860000000000.0,2.0
8/14/2002 7:48,2002,-6.9,-126.2,,,90000000000.0,0.28
8/11/2002 20:42,2002,-18.2,159.4,,,1510000000000.0,3.3
8/10/2002 18:01,2002,,,,,25000000000.0,0.089
7/25/2002 15:57,2002,-28.7,47.0,,,252000000000.0,0.69
7/22/2002 11:16,2002,34.0,106.1,,,53000000000.0,0.17
6/29/2002 16:31,2002,,,,,159000000000.0,0.46
6/15/2002 11:51,2002,,,,,29000000000.0,0.1
6/13/2002 15:29,2002,-24.9,111.4,,,191000000000.0,0.54
6/6/2002 4:28,2002,34.0,21.0,,,4500000000000.0,8.8
6/2/2002 4:28,2002,34.0,21.0,,,4500000000000.0,8.8
4/3/2002 19:10,2002,-5.3,27.1,,,182000000000.0,0.51
4/2/2002 2:36,2002,,,,,32000000000.0,0.11
3/28/2002 21:29,2002,,,,,27000000000.0,0.095
3/19/2002 5:56,2002,,,,,83000000000.0,0.26
3/19/2002 2:56,2002,,,,,53000000000.0,0.17
3/18/2002 14:44,2002,-60.4,-120.5,,,20000000000.0,0.073
3/9/2002 1:20,2002,6.9,-147.3,,,249000000000.0,0.68
3/3/2002 21:10,2002,37.5,154.0,,,82000000000.0,0.25
3/1/2002 3:53,2002,29.2,-66.8,,,38000000000.0,0.13
2/9/2002 19:50,2002,-17.7,138.7,,,70000000000.0,0.22
2/1/2002 19:07,2002,60.7,116.6,,,70000000000.0,0.22
1/20/2002 16:42,2002,48.4,-165.0,,,104000000000.0,0.31
1/3/2002 12:19,2002,,,,,123000000000.0,0.36
12/14/2001 17:58,2001,,,,,151000000000.0,0.44
12/12/2001 16:56,2001,-6.6,104.0,,,98000000000.0,0.3
11/26/2001 6:51,2001,,,,,192000000000.0,0.54
11/13/2001 10:58,2001,,,,,312000000000.0,0.83
11/11/2001 12:14,2001,55.6,123.9,,,130000000000.0,0.38
10/27/2001 19:20,2001,52.7,3.8,,,36000000000.0,0.12
10/14/2001 12:03,2001,,,,,89000000000.0,0.27
10/12/2001 3:11,2001,,,,,74000000000.0,0.23
10/6/2001 6:29,2001,-37.3,-164.4,,,158000000000.0,0.45
9/25/2001 11:54,2001,-64.0,160.0,,,42000000000.0,0.14
8/26/2001 16:08,2001,,,,,38000000000.0,0.13
8/18/2001 13:57,2001,,,,,40000000000.0,0.13
7/26/2001 21:20,2001,0.4,84.8,,,326000000000.0,0.86
7/23/2001 22:19,2001,41.0,-77.0,,,1240000000000.0,2.8
5/6/2001 4:30,2001,,,,,55000000000.0,0.18
4/27/2001 9:46,2001,,,,,130000000000.0,0.38
4/23/2001 6:12,2001,28.0,-133.6,29.0,,4600000000000.0,9.0
4/14/2001 6:40,2001,,,,,24000000000.0,0.086
4/13/2001 0:29,2001,-15.3,162.4,,,251000000000.0,0.68
2/9/2001 21:27,2001,,,,,108000000000.0,0.32
2/4/2001 5:53,2001,-64.0,97.3,,,151000000000.0,0.44
1/28/2001 16:19,2001,66.0,31.3,,,108000000000.0,0.32
12/15/2000 13:22,2000,41.3,95.2,,,262000000000.0,0.71
12/15/2000 3:46,2000,50.4,58.9,,,27000000000.0,0.095
11/28/2000 12:20,2000,,,,,119000000000.0,0.35
11/13/2000 0:28,2000,-13.6,-5.8,,,66000000000.0,0.21
11/6/2000 7:18,2000,-52.0,-22.2,,,69000000000.0,0.22
10/11/2000 23:51,2000,-31.7,-5.5,,,81000000000.0,0.25
9/24/2000 6:57,2000,,,,,27000000000.0,0.095
9/23/2000 4:00,2000,-58.5,142.6,,,22000000000.0,0.079
9/19/2000 22:12,2000,-3.2,-133.8,,,89000000000.0,0.27
8/25/2000 1:12,2000,14.5,-106.1,,,1380000000000.0,3.1
8/13/2000 3:00,2000,36.7,-127.8,,,65000000000.0,0.21
8/1/2000 16:48,2000,-50.2,-101.9,,,182000000000.0,0.51
7/31/2000 7:06,2000,15.7,-138.5,,,44400000000.0,0.15
7/19/2000 17:40,2000,-17.7,94.1,,,107000000000.0,0.32
7/15/2000 16:13,2000,-46.6,163.3,,,21000000000.0,0.076
7/9/2000 1:08,2000,,,,,121000000000.0,0.36
7/7/2000 1:34,2000,15.0,140.7,,,65000000000.0,0.21
6/27/2000 10:06,2000,34.9,36.8,,,27000000000.0,0.095
6/23/2000 9:03,2000,69.2,-44.0,,,20000000000.0,0.073
6/22/2000 20:02,2000,32.9,159.0,,,30000000000.0,0.1
6/18/2000 13:40,2000,,,,,133000000000.0,0.39
6/14/2000 16:39,2000,28.1,107.3,48.0,,145000000000.0,0.42
6/4/2000 3:17,2000,,,,,190000000000.0,0.53
6/3/2000 3:24,2000,36.8,-74.8,,,30000000000.0,0.1
6/2/2000 18:44,2000,-27.5,-18.9,,,30000000000.0,0.1
5/29/2000 18:46,2000,,,,,60000000000.0,0.19
5/29/2000 16:46,2000,,,,,60000000000.0,0.19
5/6/2000 11:51,2000,49.9,18.4,,,28000000000.0,0.098
5/3/2000 10:40,2000,-5.0,73.0,,,59000000000.0,0.19
4/21/2000 13:42,2000,,,,,86000000000.0,0.27
4/4/2000 13:38,2000,,,,,23000000000.0,0.082
3/28/2000 15:27,2000,1.0,98.3,,,63000000000.0,0.2
3/19/2000 5:11,2000,,,,,49000000000.0,0.16
3/6/2000 8:29,2000,58.0,175.0,,,1040000000000.0,2.4
2/18/2000 9:25,2000,-0.9,109.2,,,3620000000000.0,7.3
2/17/2000 14:22,2000,14.2,115.9,,,22000000000.0,0.079
1/18/2000 16:43,2000,60.3,-134.6,,,1050000000000.0,2.4
1/18/2000 8:33,2000,24.3,-94.9,,,35000000000.0,0.12
12/16/1999 0:07,1999,-26.5,-11.3,,,67000000000.0,0.21
12/11/1999 17:31,1999,,,,,273000000000.0,0.74
12/10/1999 18:56,1999,,,,,28000000000.0,0.098
12/3/1999 17:24,1999,,,,,42000000000.0,0.14
12/1/1999 19:38,1999,,,,,23000000000.0,0.082
11/30/1999 2:18,1999,,,,,45000000000.0,0.15
11/15/1999 20:01,1999,-8.1,75.4,,,74000000000.0,0.23
11/7/1999 17:53,1999,-2.3,-77.4,,,89000000000.0,0.27
10/26/1999 17:19,1999,13.7,-70.8,,,86000000000.0,0.27
9/8/1999 23:55,1999,22.4,0.2,,,28000000000.0,0.098
9/8/1999 14:41,1999,32.5,104.6,32.0,,90000000000.0,0.28
8/16/1999 5:18,1999,35.0,-107.2,,,36000000000.0,0.12
8/6/1999 3:22,1999,,,,,68000000000.0,0.22
8/3/1999 18:25,1999,-64.7,-18.8,,,356000000000.0,0.93
7/10/1999 8:11,1999,-37.8,39.6,52.0,,326000000000.0,0.86
7/7/1999 4:14,1999,-39.5,174.4,,,140000000000.0,0.41
6/25/1999 6:27,1999,50.0,121.0,69.0,,124000000000.0,0.37
5/23/1999 7:02,1999,-16.4,-116.3,,,26000000000.0,0.092
4/26/1999 11:33,1999,-22.5,6.5,,,92000000000.0,0.28
4/26/1999 9:49,1999,-32.8,159.1,,,33000000000.0,0.11
3/31/1999 23:54,1999,-17.9,22.6,,,234000000000.0,0.64
3/28/1999 15:37,1999,0.8,97.6,,,304000000000.0,0.81
3/2/1999 22:23,1999,18.9,50.5,,,59000000000.0,0.19
2/18/1999 23:15,1999,-54.9,-64.6,,,154000000000.0,0.44
2/1/1999 14:24,1999,80.0,154.2,,,28000000000.0,0.098
1/19/1999 2:32,1999,7.9,85.8,,,24000000000.0,0.086
1/14/1999 8:06,1999,-44.0,-129.7,32.0,,5060000000000.0,9.8
1/12/1999 19:24,1999,,,,,43000000000.0,0.14
1/11/1999 5:18,1999,,,,,24000000000.0,0.086
1/2/1999 18:25,1999,47.0,103.0,65.0,,35000000000.0,0.12
12/22/1998 9:24,1998,,,,,27000000000.0,0.095
11/23/1998 20:20,1998,82.3,160.1,,,25000000000.0,0.089
11/11/1998 16:46,1998,6.5,156.4,,,656000000000.0,1.6
10/3/1998 12:58,1998,,,,,32000000000.0,0.11
9/4/1998 9:16,1998,,,,,128000000000.0,0.38
9/1/1998 11:15,1998,34.6,23.6,,,24000000000.0,0.086
8/30/1998 0:20,1998,-61.8,171.0,,,41000000000.0,0.14
8/8/1998 12:55,1998,,,,,23000000000.0,0.082
7/28/1998 14:16,1998,,,,,63000000000.0,0.2
3/24/1998 9:08,1998,,,,,27000000000.0,0.095
3/22/1998 22:25,1998,1.4,26.6,,,140000000000.0,0.41
1/8/1998 16:10,1998,,,,,62000000000.0,0.2
1/4/1998 23:00,1998,-35.1,33.4,30.0,17.1,74000000000.0,0.23
12/28/1997 3:58,1997,-23.1,152.4,,,31000000000.0,0.11
12/9/1997 8:15,1997,62.7,-49.9,,,270000000000.0,0.73
11/7/1997 7:46,1997,-57.3,167.2,,,800000000000.0,1.9
10/9/1997 18:47,1997,31.8,-106.0,37.0,,190000000000.0,0.53
10/1/1997 14:26,1997,46.7,108.9,,,62000000000.0,0.2
9/30/1997 12:31,1997,-38.1,63.9,,,23000000000.0,0.082
9/5/1997 11:41,1997,-31.1,56.4,,,190000000000.0,0.53
8/20/1997 17:16,1997,,,,,26000000000.0,0.092
8/15/1997 1:05,1997,,,,,22000000000.0,0.079
7/30/1997 3:01,1997,,,,,50000000000.0,0.16
7/4/1997 12:22,1997,-15.8,-175.8,,,27000000000.0,0.095
5/22/1997 8:30,1997,,,,,250000000000.0,0.68
4/27/1997 22:34,1997,16.7,87.5,,,325000000000.0,0.86
2/19/1997 4:31,1997,-16.3,-87.7,,,140000000000.0,0.41
2/15/1997 15:23,1997,35.5,115.6,,,150000000000.0,0.43
2/6/1997 18:28,1997,,,,,26000000000.0,0.092
1/28/1997 17:49,1997,,,,,24000000000.0,0.086
1/23/1997 10:03,1997,-15.0,94.2,,,270000000000.0,0.73
1/22/1997 21:13,1997,32.2,29.0,,,480000000000.0,1.2
1/4/1997 6:46,1997,25.7,-5.3,,,43000000000.0,0.14
1/3/1997 15:08,1997,,,,,350000000000.0,0.92
12/17/1996 4:16,1996,34.1,-37.2,,,41000000000.0,0.14
12/10/1996 6:09,1996,,,,,250000000000.0,0.68
12/4/1996 17:00,1996,,,,,49000000000.0,0.16
12/1/1996 13:19,1996,,,,,62000000000.0,0.2
11/22/1996 10:06,1996,,,,,68000000000.0,0.22
11/8/1996 16:02,1996,,,,,61000000000.0,0.2
10/30/1996 12:48,1996,-2.1,-123.1,,,21000000000.0,0.076
10/28/1996 4:46,1996,27.4,-79.4,,,43000000000.0,0.14
10/23/1996 8:28,1996,-47.3,20.6,,,44000000000.0,0.15
10/19/1996 19:01,1996,29.7,-34.7,,,130000000000.0,0.38
10/7/1996 17:43,1996,,,,,45000000000.0,0.15
10/5/1996 19:21,1996,-49.6,145.9,,,250000000000.0,0.68
8/17/1996 15:46,1996,,,,,34000000000.0,0.12
8/15/1996 16:07,1996,,,,,84000000000.0,0.26
8/9/1996 18:14,1996,,,,,30000000000.0,0.1
8/7/1996 3:16,1996,,,,,150000000000.0,0.43
8/6/1996 4:50,1996,,,,,130000000000.0,0.38
8/5/1996 19:27,1996,,,,,220000000000.0,0.61
8/5/1996 15:19,1996,,,,,80000000000.0,0.25
7/17/1996 3:16,1996,31.8,111.4,,,50000000000.0,0.16
7/12/1996 14:04,1996,20.7,-93.6,,,32000000000.0,0.11
6/25/1996 11:22,1996,,,,,21000000000.0,0.076
5/8/1996 1:02,1996,,,,,28000000000.0,0.098
5/1/1996 13:19,1996,,,,,35000000000.0,0.12
3/31/1996 0:53,1996,,,,,27000000000.0,0.095
3/30/1996 4:03,1996,-31.1,-84.3,,,120000000000.0,0.36
3/29/1996 20:30,1996,21.5,-158.1,,,128000000000.0,0.38
3/25/1996 17:00,1996,,,,,44000000000.0,0.15
3/13/1996 8:31,1996,,,,,230000000000.0,0.63
2/16/1996 7:03,1996,,,,,55000000000.0,0.18
2/15/1996 2:38,1996,76.0,-127.0,,,50000000000.0,0.16
1/18/1996 17:10,1996,,,,,120000000000.0,0.36
1/15/1996 13:44,1996,-59.8,175.8,,,260000000000.0,0.71
12/27/1995 12:55,1995,,,,,22000000000.0,0.079
12/22/1995 13:26,1995,-70.2,-73.3,,,450000000000.0,1.1
12/9/1995 19:54,1995,-2.9,-79.0,,,120000000000.0,0.36
11/25/1995 5:29,1995,,,,,29000000000.0,0.1
11/13/1995 3:10,1995,,,,,21000000000.0,0.076
10/1/1995 2:42,1995,,,,,35000000000.0,0.12
9/9/1995 7:38,1995,,,,,500000000000.0,1.3
8/24/1995 21:54,1995,,,,,120000000000.0,0.36
8/17/1995 16:39,1995,,,,,160000000000.0,0.46
8/6/1995 4:38,1995,,,,,55000000000.0,0.18
8/5/1995 17:14,1995,11.6,-104.3,,,200000000000.0,0.56
7/11/1995 18:38,1995,-28.5,93.3,,,130000000000.0,0.38
7/9/1995 18:20,1995,-0.9,66.3,,,25000000000.0,0.089
7/7/1995 17:33,1995,40.2,-76.1,,,140000000000.0,0.41
6/9/1995 9:28,1995,,,,,25000000000.0,0.089
4/2/1995 12:32,1995,,,,,25000000000.0,0.089
2/16/1995 13:05,1995,16.7,-141.7,,,60000000000.0,0.19
1/18/1995 10:17,1995,51.5,115.4,,,70000000000.0,0.22
1/10/1995 21:08,1995,,,,,25000000000.0,0.089
1/4/1995 4:16,1995,46.4,12.1,,,41000000000.0,0.14
1/2/1995 20:41,1995,,,,,30000000000.0,0.1
12/18/1994 12:45,1994,,,,,50000000000.0,0.16
12/16/1994 9:41,1994,-42.2,27.6,,,50000000000.0,0.16
11/3/1994 20:01,1994,6.5,89.0,,,2350000000000.0,5.0
11/1/1994 6:50,1994,-1.5,-84.5,,,1000000000000.0,2.3
10/27/1994 4:21,1994,,,,,320000000000.0,0.85
10/20/1994 0:11,1994,-45.2,-1.9,,,87000000000.0,0.27
10/8/1994 3:24,1994,,,,,66000000000.0,0.21
9/22/1994 4:22,1994,,,,,67000000000.0,0.21
8/15/1994 23:16,1994,,,,,164000000000.0,0.47
6/15/1994 0:02,1994,45.5,-73.5,,,47200000000.0,0.16
6/3/1994 20:48,1994,,,,,509000000000.0,1.3
5/29/1994 9:30,1994,52.8,2.3,,,384000000000.0,1.0
2/1/1994 22:38,1994,2.7,164.1,,,18200000000000.0,30.0
11/29/1993 17:48,1993,26.5,78.3,,,26000000000.0,0.092
10/31/1993 3:39,1993,51.3,-100.9,,,40000000000.0,0.13
10/4/1991 9:22,1991,78.7,6.3,,,550000000000.0,1.4
10/1/1990 3:51,1990,7.5,142.8,,,2500000000000.0,5.2
4/15/1988 3:03,1988,-4.1,124.3,,,7580000000000.0,14.0
