glat,glon,lat,lon,mean_mag,n_obs,nearest_city,dist_km
-43.5,146.0,-43.413229005568994,146.07283786623043,6.0,2,Hobart,118.0
-43.5,146.5,-43.485359874415536,146.60185298970134,6.0,3,Hobart,89.5
-43.0,146.0,-42.7864998,146.0594368,6.0,1,Hobart,104.1
-43.0,146.5,-43.06496488086193,146.36328823346057,6.0,3,Hobart,81.3
-43.0,147.0,-42.93258907499999,147.03493897500002,5.0,4,Hobart,24.7
-43.0,147.5,-42.859766666666665,147.3083333333333,4.0,3,Hobart,2.9
-42.5,147.5,-42.4407,147.471,6.0,1,Hobart,50.2
-42.0,147.0,-41.7945,146.961,5.0,1,Hobart,124.5
-42.0,147.5,-42.03236274430944,147.4921395883042,5.67,3,Hobart,95.2
-42.0,148.5,-42.13031207317187,148.31199645996094,6.0,1,Hobart,115.9
-41.5,146.5,-41.5999539,146.4069499,6.0,1,Hobart,161.3
-41.5,147.0,-41.341842500096334,147.04633275500123,4.33,3,Hobart,172.6
-41.5,148.5,-41.2524,148.307,4.0,1,Hobart,198.1
-41.0,145.0,-40.8371,145.131,3.0,1,Hobart,291.1
-41.0,145.5,-41.0092,145.702,6.0,2,Hobart,247.8
-41.0,146.0,-41.055244022350664,145.88554873307712,2.67,6,Hobart,235.4
-41.0,147.0,-41.1144,146.84,3.0,1,Hobart,200.5
-41.0,148.5,-41.2097467,148.2792859,6.0,1,Hobart,201.6
-38.5,142.5,-38.3878,142.485,4.0,1,Melbourne,225.9
-38.5,144.0,-38.43762824957822,144.11895080556047,4.8,5,Melbourne,101.4
-38.5,144.5,-38.32926,144.35,3.2,5,Melbourne,78.6
-38.5,145.0,-38.3698,145.00133333333335,2.67,3,Melbourne,62.4
-38.5,145.5,-38.536100000000005,145.6985,5.0,2,Melbourne,103.4
-38.5,146.0,-38.596680000000006,145.863,5.2,5,Melbourne,117.8
-38.5,146.5,-38.35303398622258,146.42965581895126,6.0,1,Melbourne,142.1
-38.5,147.0,-38.3959,147.11599999999999,4.5,2,Melbourne,199.6
-38.0,140.5,-37.8231,140.682,6.0,1,Adelaide,371.8
-38.0,141.0,-37.838025,140.781,5.25,4,Melbourne,367.0
-38.0,142.0,-37.83206666666667,142.10433333333333,6.67,3,Melbourne,250.8
-38.0,144.0,-38.2473,144.173,5.0,1,Melbourne,84.4
-38.0,144.5,-38.10652142857143,144.37864285714286,2.82,28,Melbourne,60.7
-38.0,145.0,-37.879600060806666,145.05301640061427,3.26,66,Melbourne,11.3
-38.0,145.5,-37.97689470882353,145.37180032941177,4.06,34,Melbourne,40.6
-38.0,146.0,-38.23251820363636,145.95150938,5.58,55,Melbourne,98.7
-38.0,146.5,-38.1869,146.253,3.0,1,Melbourne,120.8
-38.0,147.0,-37.98632857142858,146.8887142857143,5.0,7,Melbourne,170.4
-37.5,140.5,-37.4696,140.252,7.0,1,Adelaide,318.9
-37.5,141.5,-37.6,141.7,2.0,1,Melbourne,287.7
-37.5,142.0,-37.73656666666667,142.018,4.33,3,Melbourne,258.7
-37.5,143.0,-37.59995,143.221,4.5,2,Melbourne,154.8
-37.5,143.5,-37.7368,143.56,6.0,1,Melbourne,123.3
-37.5,144.0,-37.582720091989565,143.93318828140372,4.5,18,Melbourne,93.8
-37.5,144.5,-37.42944444444444,144.61411111111113,3.89,9,Melbourne,52.1
-37.5,145.0,-37.664608333333334,144.9851666666667,2.67,12,Melbourne,16.3
-37.5,150.0,-37.55115000000001,149.752,5.0,2,Canberra,258.6
-37.0,141.0,-37.030950000000004,140.93099999999998,6.5,2,Adelaide,313.9
-37.0,141.5,-37.0265,141.283,5.0,2,Adelaide,335.6
-37.0,142.5,-37.1925,142.612,7.0,1,Melbourne,218.2
-37.0,143.0,-37.0682,142.794,6.0,1,Melbourne,208.3
-37.0,143.5,-37.1796,143.406,2.0,1,Melbourne,154.0
-37.0,144.5,-37.2421,144.448,3.0,1,Melbourne,77.6
-37.0,149.5,-36.890575,149.65699999999998,5.5,4,Canberra,185.2
-37.0,150.0,-36.81178,149.93699999999998,6.6,5,Canberra,185.1
-36.5,141.5,-36.3348,141.646,6.0,1,Adelaide,316.5
-36.5,143.0,-36.3754,142.991,5.0,2,Melbourne,236.5
-36.5,143.5,-36.3558,143.696,3.0,3,Melbourne,196.8
-36.5,144.5,-36.4933,144.613,6.0,3,Melbourne,149.6
-36.5,145.5,-36.3358,145.415,5.0,1,Melbourne,168.8
-36.5,146.5,-36.362449999999995,146.6885,5.0,4,Melbourne,222.3
-36.5,148.5,-36.4232,148.62,5.0,1,Canberra,135.2
-36.5,149.0,-36.3631,148.828,5.0,2,Canberra,123.5
-36.5,150.0,-36.47013333333334,149.98416666666665,5.17,6,Canberra,153.1
-36.0,139.5,-35.8211,139.702,7.0,1,Adelaide,140.7
-36.0,140.5,-36.1041,140.345,5.0,1,Adelaide,204.9
-36.0,142.0,-35.8995,141.995,3.0,1,Adelaide,326.0
-36.0,143.5,-35.8503,143.518,5.0,1,Melbourne,252.9
-36.0,144.5,-36.1347,144.731,5.0,1,Melbourne,187.4
-36.0,145.5,-35.8408,145.562,5.0,1,Melbourne,225.4
-36.0,146.0,-36.0032,146.023,4.0,2,Melbourne,222.0
-36.0,147.0,-36.09133333333333,146.91633333333334,3.67,3,Canberra,219.3
-36.0,149.0,-36.12753566557864,149.09087608836555,4.83,6,Canberra,94.3
-36.0,149.5,-36.009475,149.52825,5.0,4,Canberra,88.7
-36.0,150.0,-35.97737058823529,150.14705882352942,5.06,17,Canberra,120.3
-35.5,137.0,-35.6379,137.211,7.0,1,Adelaide,148.6
-35.5,137.5,-35.6548,137.641,6.0,1,Adelaide,118.6
-35.5,138.5,-35.41878571428571,138.56957142857144,5.14,7,Adelaide,54.4
-35.5,142.5,-35.734,142.369,4.0,2,Melbourne,326.4
-35.5,149.0,-35.34924725531915,149.10731738723405,4.02,47,Canberra,8.0
-35.5,149.5,-35.33946,149.47539999999998,5.0,5,Canberra,32.0
-35.5,150.0,-35.5423375,149.96625,3.62,8,Canberra,81.2
-35.5,150.5,-35.32140909090909,150.43963636363637,4.55,11,Canberra,118.9
-35.0,116.5,-34.987060848202496,116.72003669594078,6.0,1,Perth,347.0
-35.0,117.0,-34.88107215,117.0803444,6.0,2,Perth,345.0
-35.0,117.5,-35.06203333333334,117.58366666666666,5.33,3,Perth,381.1
-35.0,118.0,-35.003280000000004,117.92139999999999,4.2,5,Perth,389.6
-35.0,137.5,-34.93606666666667,137.598,5.67,3,Adelaide,91.3
-35.0,138.5,-34.90967391304348,138.61641304347825,4.02,46,Adelaide,2.7
-35.0,139.0,-35.142540000000004,139.0024,5.8,5,Adelaide,43.6
-35.0,139.5,-35.0428,139.377,5.0,1,Adelaide,71.9
-35.0,147.5,-35.118759999999995,147.395,4.8,5,Canberra,158.7
-35.0,149.0,-35.1776938702656,149.08488645902023,3.94,32,Canberra,12.1
-35.0,149.5,-35.19596,149.3904,6.4,5,Canberra,25.4
-35.0,150.5,-34.952275,150.63045833333334,4.38,24,Sydney,131.6
-35.0,151.0,-34.8481,150.75566666666666,3.67,3,Sydney,116.5
-34.5,115.0,-34.3063,115.16,2.0,1,Perth,270.0
-34.5,116.0,-34.3171,116.176,6.0,1,Perth,264.8
-34.5,117.5,-34.52923333333333,117.65866666666666,5.17,6,Perth,332.0
-34.5,118.0,-34.3163295,118.1903763,6.0,1,Perth,341.0
-34.5,138.5,-34.64762,138.6462,4.2,5,Adelaide,31.7
-34.5,139.0,-34.685633333333335,139.00466666666668,6.67,3,Adelaide,45.9
-34.5,139.5,-34.6071,139.296,5.0,1,Adelaide,73.0
-34.5,140.5,-34.37554,140.58679999999998,5.0,5,Adelaide,191.9
-34.5,146.0,-34.3406,146.082,5.0,2,Canberra,297.2
-34.5,146.5,-34.5546,146.391,4.0,1,Canberra,262.4
-34.5,149.0,-34.7249,149.179,5.0,1,Canberra,61.9
-34.5,149.5,-34.7341,149.535,4.0,1,Canberra,71.0
-34.5,150.0,-34.675,150.212,6.0,4,Canberra,119.3
-34.5,150.5,-34.48774241924891,150.4426643845577,5.11,28,Sydney,98.5
-34.5,151.0,-34.498223075288145,150.8606946927325,3.46,37,Sydney,76.9
-34.0,115.0,-33.966730299186864,115.0565066538331,5.43,7,Perth,236.4
-34.0,116.0,-33.97823333333333,116.141,5.67,3,Perth,227.0
-34.0,116.5,-33.9604,116.31,7.0,1,Perth,227.5
-34.0,117.0,-33.914699999999996,116.9975,7.0,2,Perth,242.9
-34.0,120.0,-33.956252001093624,119.91765573176136,6.0,1,Perth,439.4
-34.0,120.5,-33.8329,120.281,4.0,1,Perth,462.8
-34.0,122.0,-33.8661,121.885,4.0,2,Perth,601.3
-34.0,122.5,-33.823825698411795,122.29095844985002,6.0,1,Perth,635.5
-34.0,137.5,-34.0692,137.585,5.0,1,Adelaide,133.5
-34.0,138.0,-34.0645,138.247,6.0,1,Adelaide,101.5
-34.0,139.0,-34.0855,138.786,6.0,1,Adelaide,95.4
-34.0,140.0,-34.1748,139.972,7.0,1,Adelaide,151.1
-34.0,140.5,-34.2495,140.41,6.0,1,Adelaide,182.1
-34.0,142.0,-34.202371428571425,142.147,3.43,7,Adelaide,334.7
-34.0,150.5,-33.95670833333333,150.66266666666667,4.08,12,Sydney,51.4
-34.0,151.0,-33.86391163205027,151.10358647542643,3.22,246,Sydney,9.8
-34.0,151.5,-33.79935454545455,151.27640909090908,3.82,22,Sydney,10.0
-33.5,115.0,-33.68008571428572,115.14014285714286,3.86,7,Perth,203.8
-33.5,115.5,-33.488128571428575,115.53642857142856,4.52,21,Perth,173.7
-33.5,116.0,-33.446275,115.88575,4.75,8,Perth,166.4
-33.5,117.5,-33.3048,117.349,6.0,1,Perth,205.3
-33.5,121.5,-33.6596,121.629,5.0,1,Perth,571.6
-33.5,137.0,-33.6822,136.918,6.0,1,Adelaide,207.6
-33.5,148.5,-33.2858,148.742,3.0,1,Canberra,224.6
-33.5,149.5,-33.62834285714286,149.59828571428574,5.29,7,Sydney,151.4
-33.5,150.0,-33.3795,150.1385,5.5,2,Sydney,113.2
-33.5,150.5,-33.660325,150.48905,3.8,20,Sydney,70.6
-33.5,151.0,-33.69769,151.069,3.74,50,Sydney,23.2
-33.5,151.5,-33.44477846666667,151.37739380987654,3.9,81,Sydney,49.8
-33.0,115.5,-32.979,115.70249999999999,5.0,4,Perth,115.4
-33.0,116.5,-32.7694,116.488,6.0,2,Perth,108.5
-33.0,117.0,-32.8082602,116.874792,6.0,1,Perth,134.9
-33.0,137.5,-33.038,137.575,2.0,1,Adelaide,230.6
-33.0,148.0,-32.9789995,148.2443206,6.0,1,Canberra,268.5
-33.0,150.0,-33.03075,150.0345,5.0,6,Sydney,143.5
-33.0,151.0,-32.938649999999996,151.13,5.0,2,Sydney,103.8
-33.0,151.5,-33.00514214361268,151.57386132732353,3.71,85,Sydney,101.9
-33.0,152.0,-32.90973333333333,151.81866666666667,4.0,6,Sydney,120.8
-32.5,115.5,-32.50541578947368,115.70484210526315,3.26,19,Perth,63.5
-32.5,116.0,-32.400821212121215,115.79890909090909,3.88,33,Perth,50.5
-32.5,116.5,-32.3783,116.253,5.0,1,Perth,60.3
-32.5,138.0,-32.4768,137.772,4.0,1,Adelaide,283.3
-32.5,138.5,-32.7339,138.611,2.0,1,Adelaide,244.2
-32.5,148.5,-32.253600000000006,148.615,3.0,2,Sydney,301.3
-32.5,149.5,-32.5849,149.58633333333333,4.67,3,Sydney,207.9
-32.5,150.0,-32.64902,149.8778,6.2,5,Sydney,183.8
-32.5,150.5,-32.453,150.704,6.5,2,Sydney,164.5
-32.5,151.0,-32.5085,151.0215,4.38,8,Sydney,152.4
-32.5,151.5,-32.700925,151.63925,4.0,4,Sydney,136.0
-32.5,152.0,-32.60943565645001,152.01519874702612,3.7,10,Sydney,158.9
-32.5,152.5,-32.41528247285261,152.4210065911061,5.5,2,Sydney,197.2
-32.0,115.5,-31.823766666666668,115.73933333333333,3.17,6,Perth,18.1
-32.0,116.0,-31.9656375152905,115.8783536009673,3.38,292,Perth,2.5
-32.0,116.5,-31.839433333333332,116.32933333333334,6.0,3,Perth,46.0
-32.0,117.0,-32.165000000000006,116.995,5.5,2,Perth,109.6
-32.0,149.0,-32.2436,148.858,5.0,1,Sydney,284.2
-32.0,149.5,-31.8257,149.711,4.0,1,Sydney,267.0
-32.0,150.5,-32.215833333333336,150.39566666666667,5.0,3,Sydney,199.0
-32.0,151.0,-32.01595745891482,151.12654688651446,5.5,2,Sydney,206.3
-32.0,151.5,-32.245775,151.68099999999998,4.75,4,Sydney,185.9
-32.0,152.0,-32.016,151.964,6.5,2,Sydney,217.8
-32.0,152.5,-31.97686362900067,152.4605040032524,4.8,10,Sydney,240.7
-31.5,115.5,-31.56646,115.6852,4.6,15,Perth,45.7
-31.5,116.0,-31.726329052488094,115.8546726147906,3.5,6,Perth,24.9
-31.5,116.5,-31.485344444444447,116.48144444444445,5.78,9,Perth,78.3
-31.5,147.0,-31.5639,147.206,3.0,1,Canberra,450.1
-31.5,149.0,-31.2767,149.203,2.0,1,Sydney,344.2
-31.5,149.5,-31.28590276182896,149.26617022882797,4.0,6,Sydney,340.2
-31.5,150.5,-31.4036,150.59466666666665,6.67,3,Sydney,280.2
-31.5,151.0,-31.496,151.104,6.0,2,Sydney,264.2
-31.5,152.5,-31.5638,152.693,5.25,4,Sydney,291.6
-31.5,153.0,-31.593669999999996,152.81980000000001,2.7,10,Sydney,294.5
-31.0,115.5,-30.9654,115.37266666666666,7.0,3,Perth,118.8
-31.0,116.0,-31.0478,115.838,6.0,1,Perth,100.3
-31.0,116.5,-30.954725000000003,116.64,6.0,4,Perth,133.1
-31.0,117.0,-30.92745,117.1035,5.5,2,Perth,163.8
-31.0,118.0,-30.9079,118.219,4.0,2,Perth,252.0
-31.0,121.5,-31.2085,121.635,2.0,1,Perth,553.2
-31.0,138.5,-30.81165,138.413,6.0,2,Adelaide,458.3
-31.0,143.0,-31.0204,143.04,5.0,2,Adelaide,600.3
-31.0,149.0,-30.9507,149.068,3.0,1,Sydney,381.8
-31.0,150.0,-31.00925,150.20999999999998,5.5,2,Sydney,331.6
-31.0,150.5,-30.9649,150.351,4.75,4,Sydney,332.9
-31.0,151.0,-31.0778867875,150.9632754125,3.12,8,Sydney,311.3
-31.0,153.0,-30.983500000000003,153.007,4.64,11,Sydney,362.6
-30.5,115.0,-30.3169,115.028,7.0,2,Perth,198.1
-30.5,117.0,-30.3391,117.14,5.0,1,Perth,216.6
-30.5,118.5,-30.56445,118.487,5.0,2,Perth,293.4
-30.5,121.5,-30.736220000000003,121.4614,4.6,5,Perth,548.7
-30.5,138.5,-30.5926,138.4,5.0,1,Adelaide,482.7
-30.5,139.5,-30.315644223192276,139.34201033235485,5.93,30,Adelaide,517.8
-30.5,150.0,-30.3324,149.781,1.0,1,Sydney,415.7
-30.5,151.5,-30.499632584269666,151.66234831460676,6.16,89,Brisbane,362.2
-30.5,152.0,-30.569000000000003,151.80599999999998,5.5,2,Brisbane,364.6
-30.5,152.5,-30.44745,152.6255,6.0,2,Brisbane,333.4
-30.5,153.0,-30.49346020137138,153.03376153676,4.2,10,Brisbane,336.2
-30.0,121.0,-29.9831524,121.0432929,6.0,1,Perth,540.3
-30.0,151.5,-30.021300000000004,151.653,5.8,5,Brisbane,313.8
-30.0,153.0,-30.120335075,153.11379605,5.17,12,Brisbane,294.8
-29.5,116.0,-29.6892,115.891,4.0,2,Perth,251.4
-29.5,120.5,-29.460335976395086,120.61813951367915,6.0,1,Perth,532.4
-29.5,138.0,-29.63880519455558,138.09309258976745,6.0,1,Adelaide,590.3
-29.5,148.0,-29.451275000000003,147.97575,4.75,4,Brisbane,540.9
-29.5,150.0,-29.4527,149.8305,6.5,2,Brisbane,382.6
-29.5,151.0,-29.6549,150.833,5.0,1,Brisbane,324.1
-29.5,151.5,-29.6604,151.454,3.0,1,Brisbane,288.1
-29.5,152.0,-29.314,151.916,5.0,1,Brisbane,232.2
-29.5,153.0,-29.62675,153.00425,4.0,4,Brisbane,239.8
-29.0,135.0,-29.01414054594464,134.75558131230466,6.0,1,Adelaide,751.0
-29.0,150.0,-29.1832,149.801,7.0,1,Brisbane,369.0
-29.0,151.0,-28.8496,151.172,6.0,1,Brisbane,238.1
-29.0,151.5,-29.064,151.671,5.0,1,Brisbane,221.6
-29.0,152.0,-28.95126666666667,151.94366666666667,5.0,3,Brisbane,196.1
-29.0,153.0,-28.8278,153.209,6.0,1,Brisbane,152.0
-29.0,153.5,-28.869807737803914,153.40869700078952,4.38,13,Brisbane,160.0
-28.5,145.0,-28.6015,144.916,7.0,1,Brisbane,806.1
-28.5,150.5,-28.536,150.292,7.0,2,Brisbane,293.8
-28.5,152.0,-28.60605,151.9615,5.17,6,Brisbane,164.2
-28.5,153.5,-28.436988888888887,153.44377777777777,4.89,9,Brisbane,114.9
-28.0,119.5,-27.939431,119.63213,6.0,1,Perth,575.2
-28.0,148.5,-28.047299999999996,148.59799999999998,6.33,3,Brisbane,440.8
-28.0,150.0,-28.2198,149.926,6.0,1,Brisbane,316.4
-28.0,152.0,-28.1116625,152.046625,4.5,8,Brisbane,120.2
-28.0,152.5,-28.0029,152.688,4.0,1,Brisbane,68.1
-28.0,153.0,-27.8677,153.09982608695654,4.74,23,Brisbane,44.8
-28.0,153.5,-28.055967272727273,153.39958181818184,3.82,55,Brisbane,74.6
-27.5,152.0,-27.56290588235294,151.95135294117645,4.53,17,Brisbane,106.9
-27.5,152.5,-27.589467557142857,152.46729455714285,4.57,7,Brisbane,57.1
-27.5,153.0,-27.487634645288697,153.04261683882424,3.36,378,Brisbane,2.3
-27.5,153.5,-27.559372222222223,153.29955555555554,3.22,18,Brisbane,28.4
-27.0,119.0,-26.9401,118.956,5.0,3,Perth,632.5
-27.0,119.5,-26.827324727680505,119.41032414065374,4.0,1,Perth,665.3
-27.0,132.5,-27.0073,132.711,7.0,1,Adelaide,1044.1
-27.0,149.0,-27.1516,149.066,4.0,1,Brisbane,393.2
-27.0,151.0,-27.15175,150.989,6.5,2,Brisbane,204.7
-27.0,151.5,-26.88104705882353,151.60558823529414,6.24,17,Brisbane,155.4
-27.0,152.0,-26.7502875,152.241,6.25,8,Brisbane,111.8
-27.0,152.5,-26.900144630598625,152.62188814467893,5.0,7,Brisbane,75.1
-27.0,153.0,-26.888888742074506,152.94548384341863,4.58,220,Brisbane,65.2
-26.5,146.0,-26.40725,146.237,5.5,2,Brisbane,683.6
-26.5,146.5,-26.39648725,146.26517185,5.5,4,Brisbane,681.1
-26.5,149.0,-26.5763,148.785,2.67,3,Brisbane,432.0
-26.5,149.5,-26.6148,149.386,5.0,1,Brisbane,373.2
-26.5,151.5,-26.37475,151.3025,3.5,2,Brisbane,210.2
-26.5,152.0,-26.591890857142857,151.93435102857143,5.0,7,Brisbane,146.0
-26.5,152.5,-26.624050929801534,152.70295478307037,5.9,63,Brisbane,99.5
-26.5,153.0,-26.643615434142806,152.9808287418908,4.71,332,Brisbane,92.0
-26.0,113.5,-25.7936,113.719,6.0,1,Perth,715.5
-26.0,127.5,-26.0767,127.722,4.0,1,Perth,1324.3
-26.0,131.0,-26.1509,131.147,6.0,1,Adelaide,1208.4
-26.0,150.0,-25.9507,149.918,6.0,1,Brisbane,352.2
-26.0,152.5,-26.18736,152.6628,4.3,10,Brisbane,147.2
-26.0,153.0,-25.92103333333333,153.004,5.67,3,Brisbane,172.3
-26.0,153.5,-25.810029910129906,153.54496746889362,6.0,1,Brisbane,191.5
-25.5,134.0,-25.274399600000002,133.7750272,4.0,5,Adelaide,1169.2
-25.5,135.5,-25.3806589,135.4414323,6.0,1,Adelaide,1104.2
-25.5,152.5,-25.44788,152.71460000000002,4.8,5,Brisbane,227.0
-25.5,153.0,-25.332172222222223,152.84922222222224,4.11,18,Brisbane,238.4
-25.0,128.5,-25.0429843,128.303254,6.0,1,Darwin,1424.3
-25.0,132.5,-25.129900000000003,132.57,6.0,3,Adelaide,1234.0
-25.0,150.0,-25.06833495,150.0249647,3.5,2,Brisbane,401.3
-25.0,152.0,-25.004942857142858,152.09385714285713,5.14,7,Brisbane,289.6
-25.0,152.5,-24.90284705882353,152.4180588235294,4.06,17,Brisbane,291.9
-24.5,115.0,-24.662673573596333,115.1765381856639,6.0,1,Perth,813.1
-24.5,133.0,-24.5724375,133.1463125,6.0,1,Adelaide,1265.7
-24.5,133.5,-24.3299007,133.6303271,6.0,1,Adelaide,1272.3
-24.5,139.5,-24.3589,139.472,7.0,1,Adelaide,1178.5
-24.5,150.0,-24.5786,149.97,4.0,1,Brisbane,443.6
-24.5,150.5,-24.39215,150.5205,4.5,2,Brisbane,424.4
-24.5,151.5,-24.323813610724073,151.30683128520053,3.5,2,Brisbane,390.0
-24.5,152.5,-24.7403,152.258,6.0,2,Brisbane,313.2
-24.0,132.5,-24.073050000000002,132.2695,6.0,2,Darwin,1300.1
-24.0,151.0,-23.928314285714286,151.21871428571427,4.43,7,Brisbane,433.6
-24.0,151.5,-24.0344875,151.368875,4.25,8,Brisbane,416.6
-24.0,152.0,-24.216728571428572,151.88757142857142,5.0,7,Brisbane,379.4
-24.0,152.5,-24.11291485,152.71450925,6.25,4,Brisbane,374.6
-23.5,119.5,-23.3494,119.733,4.0,1,Perth,1029.4
-23.5,133.5,-23.7220649,133.4697823,6.0,1,Darwin,1282.6
-23.5,134.0,-23.697757,133.88845785,4.0,6,Darwin,1290.3
-23.5,134.5,-23.593379,134.4933558,6.0,1,Darwin,1296.6
-23.5,147.5,-23.41,147.71075,5.75,4,Brisbane,699.2
-23.5,148.0,-23.536,148.15666666666667,4.0,3,Brisbane,656.0
-23.5,148.5,-23.5648,148.3,5.0,1,Brisbane,643.2
-23.5,150.5,-23.336100000000002,150.511875,4.12,8,Brisbane,524.6
-23.5,151.0,-23.330675,150.8175,4.25,4,Brisbane,511.1
-23.0,117.5,-23.19995,117.662,4.0,2,Perth,989.0
-23.0,148.5,-22.8114,148.6905,4.5,2,Brisbane,677.5
-23.0,150.5,-23.1324,150.736,5.0,1,Brisbane,534.6
-23.0,151.0,-23.20296,150.77779999999998,3.4,5,Brisbane,525.7
-22.5,132.0,-22.2579,131.793,6.0,1,Darwin,1094.1
-22.5,137.5,-22.4296121603371,137.43797821097706,6.0,1,Darwin,1310.4
-22.5,141.5,-22.3527928,141.5497754,6.0,1,Brisbane,1289.2
-22.5,143.0,-22.38940425280408,143.04649654758143,4.87,30,Brisbane,1153.7
-22.5,147.5,-22.7178,147.682,3.0,1,Brisbane,754.3
-22.5,148.5,-22.5838,148.347,5.0,1,Brisbane,719.4
-22.0,148.0,-22.008,148.067,4.0,1,Brisbane,787.2
-21.5,116.5,-21.6343,116.349,4.0,1,Perth,1148.1
-21.5,149.5,-21.3705,149.317,5.0,1,Brisbane,775.3
-21.0,117.0,-20.752,116.802,3.0,1,Perth,1248.7
-21.0,142.5,-20.9176,142.703,7.0,1,Brisbane,1275.0
-21.0,149.0,-21.154,149.192,1.0,1,Brisbane,802.6
-20.5,117.0,-20.7457,116.81,5.0,1,Perth,1249.4
-20.5,118.5,-20.3341,118.673,3.0,1,Perth,1321.6
-20.5,130.0,-20.2712,129.99,6.0,1,Darwin,873.3
-20.5,139.5,-20.691577777777777,139.51444444444442,4.11,9,Darwin,1300.2
-20.5,148.5,-20.4009,148.573,4.0,1,Brisbane,907.0
-20.0,148.0,-20.0299,148.216,4.0,1,Brisbane,961.2
-20.0,148.5,-19.9792,148.26,2.0,1,Brisbane,963.9
-19.5,134.0,-19.6484,134.19,4.0,2,Darwin,875.7
-19.5,146.5,-19.3973,146.7175,3.0,2,Brisbane,1104.3
-19.5,147.0,-19.2666,146.799,4.0,1,Brisbane,1111.5
-19.0,143.5,-18.79559006543717,143.4226838128114,6.0,1,Brisbane,1375.6
-19.0,146.5,-19.2015,146.59466666666665,4.33,3,Brisbane,1129.5
-18.5,122.0,-18.7211,121.88,7.0,1,Darwin,1185.1
-18.5,146.0,-18.6486,146.171,4.0,1,Brisbane,1205.4
-18.5,146.5,-18.7001,146.296,6.0,1,Brisbane,1193.3
-18.0,144.5,-18.147742,144.3167,6.0,1,Brisbane,1367.2
-17.5,145.5,-17.28285,145.5455,4.25,4,Brisbane,1368.5
-17.0,145.5,-16.9027,145.6639,3.85,20,Brisbane,1397.6
-17.0,146.0,-16.91797146332938,145.7766831762152,4.75,4,Brisbane,1389.9
-16.0,129.0,-15.7868,128.752,4.0,1,Darwin,433.0
-16.0,136.5,-16.0616,136.302,4.0,2,Darwin,711.8
-15.5,128.0,-15.4858,128.115,7.0,1,Darwin,446.8
-15.5,128.5,-15.7227,128.735,5.0,1,Darwin,428.0
-15.5,129.0,-15.6049,128.765,2.0,1,Darwin,415.2
-15.5,130.5,-15.6432,130.467,7.0,1,Darwin,356.2
-15.5,145.0,-15.4848,145.24733333333333,5.67,3,Brisbane,1555.9
-12.5,131.0,-12.393074468085107,130.8778085106383,3.26,47,Darwin,8.5
-12.5,133.0,-12.6771,132.837,4.0,1,Darwin,218.1
-12.5,135.0,-12.3856,135.0,5.0,1,Darwin,451.8
-10.5,142.0,-10.5859,142.215,5.0,1,Darwin,1256.6
