date,year,decade,eclipse_type,eclipse_category,lat,lon
16/02/1980,1980,1980,Total,Solar,-0.1,47.1
26/08/1980,1980,1980,Penumbral,Lunar,-12.0,-52.0
27/07/1980,1980,1980,Penumbral,Lunar,-18.0,74.0
01/03/1980,1980,1980,Penumbral,Lunar,8.0,52.0
10/08/1980,1980,1980,Annular,Solar,4.6,-108.9
04/02/1981,1981,1980,Annular,Solar,-44.4,-140.8
31/07/1981,1981,1980,Total,Solar,53.3,134.1
17/07/1981,1981,1980,Partial,Lunar,-21.0,-70.0
20/01/1981,1981,1980,Penumbral,Lunar,19.0,-115.0
21/06/1982,1982,1980,Partial,Solar,-65.9,13.2
15/12/1982,1982,1980,Partial,Solar,65.3,56.9
20/07/1982,1982,1980,Partial,Solar,68.6,64.2
30/12/1982,1982,1980,Total,Lunar,24.0,-172.0
09/01/1982,1982,1980,Total,Lunar,22.0,63.0
06/07/1982,1982,1980,Total,Lunar,-23.0,-112.0
25/01/1982,1982,1980,Partial,Solar,-69.3,-91.7
25/06/1983,1983,1980,Partial,Lunar,-24.0,-125.0
04/12/1983,1983,1980,Annular,Solar,0.9,-4.7
20/12/1983,1983,1980,Penumbral,Lunar,24.0,-28.0
11/06/1983,1983,1980,Total,Solar,-6.2,114.2
22/11/1984,1984,1980,Total,Solar,-37.8,-173.6
15/05/1984,1984,1980,Penumbral,Lunar,-18.0,-71.0
30/05/1984,1984,1980,Annular,Solar,37.5,-76.7
13/06/1984,1984,1980,Penumbral,Lunar,-25.0,143.0
08/11/1984,1984,1980,Penumbral,Lunar,16.0,88.0
04/05/1985,1985,1980,Total,Lunar,-16.0,60.0
28/10/1985,1985,1980,Total,Lunar,13.0,91.0
12/11/1985,1985,1980,Total,Solar,-68.6,-142.6
19/05/1985,1985,1980,Partial,Solar,63.2,81.1
09/04/1986,1986,1980,Partial,Solar,-61.2,161.4
03/10/1986,1986,1980,Hybrid,Solar,59.9,-37.1
24/04/1986,1986,1980,Total,Lunar,-13.0,169.0
17/10/1986,1986,1980,Total,Lunar,10.0,67.0
07/10/1987,1987,1980,Penumbral,Lunar,6.0,-64.0
14/04/1987,1987,1980,Penumbral,Lunar,-10.0,-35.0
29/03/1987,1987,1980,Hybrid,Solar,-12.3,-2.3
23/09/1987,1987,1980,Annular,Solar,14.3,138.4
18/03/1988,1988,1980,Total,Solar,20.7,140.0
11/09/1988,1988,1980,Annular,Solar,-20.0,94.4
27/08/1988,1988,1980,Partial,Lunar,-11.0,-165.0
03/03/1988,1988,1980,Penumbral,Lunar,7.0,120.0
20/02/1989,1989,1980,Total,Lunar,11.0,130.0
17/08/1989,1989,1980,Total,Lunar,-14.0,-46.0
07/03/1989,1989,1980,Partial,Solar,61.2,-169.8
31/08/1989,1989,1980,Partial,Solar,-61.3,23.6
26/01/1990,1990,1990,Annular,Solar,-71.0,-22.2
22/07/1990,1990,1990,Total,Solar,65.2,168.9
06/08/1990,1990,1990,Partial,Lunar,-16.0,148.0
09/02/1990,1990,1990,Total,Lunar,14.0,76.0
30/01/1991,1991,1990,Penumbral,Lunar,17.0,-87.0
26/07/1991,1991,1990,Penumbral,Lunar,-18.0,89.0
15/01/1991,1991,1990,Annular,Solar,-36.4,-170.4
11/07/1991,1991,1990,Total,Solar,22.0,-105.2
21/12/1991,1991,1990,Partial,Lunar,24.0,-159.0
27/06/1991,1991,1990,Penumbral,Lunar,-25.0,-48.0
30/06/1992,1992,1990,Total,Solar,-25.2,-9.5
09/12/1992,1992,1990,Total,Lunar,23.0,2.0
15/06/1992,1992,1990,Partial,Lunar,-24.0,-74.0
24/12/1992,1992,1990,Partial,Solar,65.7,155.7
04/01/1992,1992,1990,Annular,Solar,1.0,-169.7
13/11/1993,1993,1990,Partial,Solar,-69.6,58.3
29/11/1993,1993,1990,Total,Lunar,21.0,-99.0
04/06/1993,1993,1990,Total,Lunar,-22.0,164.0
21/05/1993,1993,1990,Partial,Solar,68.8,162.3
25/05/1994,1994,1990,Partial,Lunar,-20.0,-53.0
10/05/1994,1994,1990,Annular,Solar,41.5,-84.1
03/11/1994,1994,1990,Total,Solar,-35.4,-34.2
18/11/1994,1994,1990,Penumbral,Lunar,18.0,-105.0
24/10/1995,1995,1990,Total,Solar,8.4,113.2
15/04/1995,1995,1990,Partial,Lunar,-11.0,175.0
08/10/1995,1995,1990,Penumbral,Lunar,7.0,116.0
29/04/1995,1995,1990,Annular,Solar,-4.8,-79.4
04/04/1996,1996,1990,Total,Lunar,-6.0,-2.0
17/04/1996,1996,1990,Partial,Solar,-71.3,-104.0
12/10/1996,1996,1990,Partial,Solar,71.7,32.1
27/09/1996,1996,1990,Total,Lunar,2.0,-46.0
02/09/1997,1997,1990,Partial,Solar,-71.8,114.3
16/09/1997,1997,1990,Total,Lunar,-3.0,77.0
24/03/1997,1997,1990,Partial,Lunar,-1.0,-68.0
09/03/1997,1997,1990,Total,Solar,57.8,130.7
13/03/1998,1998,1990,Penumbral,Lunar,4.0,-62.0
26/02/1998,1998,1990,Total,Solar,4.7,-82.7
08/08/1998,1998,1990,Penumbral,Lunar,-15.0,-35.0
06/09/1998,1998,1990,Penumbral,Lunar,-7.0,-168.0
22/08/1998,1998,1990,Annular,Solar,-3.0,145.4
28/07/1999,1999,1990,Partial,Lunar,-18.0,-172.0
11/08/1999,1999,1990,Total,Solar,45.1,24.3
16/02/1999,1999,1990,Annular,Solar,-39.8,93.9
31/01/1999,1999,1990,Penumbral,Lunar,16.0,119.0
16/07/2000,2000,2000,Total,Lunar,-21.0,153.0
25/12/2000,2000,2000,Partial,Solar,66.3,-74.1
21/01/2000,2000,2000,Total,Lunar,20.0,-68.0
01/07/2000,2000,2000,Partial,Solar,-66.9,-109.5
05/02/2000,2000,2000,Partial,Solar,-70.2,134.1
31/07/2000,2000,2000,Partial,Solar,69.5,-59.9
09/01/2001,2001,2000,Total,Lunar,22.0,57.0
30/12/2001,2001,2000,Penumbral,Lunar,24.0,-157.0
14/12/2001,2001,2000,Annular,Solar,0.6,-130.7
21/06/2001,2001,2000,Total,Solar,-11.3,2.7
05/07/2001,2001,2000,Partial,Lunar,-23.0,137.0
24/06/2002,2002,2000,Penumbral,Lunar,-25.0,39.0
26/05/2002,2002,2000,Penumbral,Lunar,-20.0,179.0
04/12/2002,2002,2000,Total,Solar,-39.5,59.6
10/06/2002,2002,2000,Annular,Solar,34.5,-178.6
20/11/2002,2002,2000,Penumbral,Lunar,19.0,-30.0
23/11/2003,2003,2000,Total,Solar,-72.7,88.4
09/11/2003,2003,2000,Total,Lunar,16.0,-24.0
31/05/2003,2003,2000,Annular,Solar,66.6,-24.5
16/05/2003,2003,2000,Total,Lunar,-19.0,-56.0
28/10/2004,2004,2000,Total,Lunar,13.0,-50.0
14/10/2004,2004,2000,Partial,Solar,61.2,-153.7
04/05/2004,2004,2000,Total,Lunar,-17.0,51.0
19/04/2004,2004,2000,Partial,Solar,-61.6,44.3
03/10/2005,2005,2000,Annular,Solar,12.9,28.7
24/04/2005,2005,2000,Penumbral,Lunar,-14.0,-150.0
08/04/2005,2005,2000,Hybrid,Solar,-10.6,-119.0
17/10/2005,2005,2000,Partial,Lunar,10.0,175.0
14/03/2006,2006,2000,Penumbral,Lunar,3.0,6.0
22/09/2006,2006,2000,Annular,Solar,-20.6,-9.1
07/09/2006,2006,2000,Partial,Lunar,-7.0,77.0
29/03/2006,2006,2000,Total,Solar,23.2,16.7
11/09/2007,2007,2000,Partial,Solar,-61.0,-90.2
03/03/2007,2007,2000,Total,Lunar,7.0,13.0
19/03/2007,2007,2000,Partial,Solar,61.0,55.5
28/08/2007,2007,2000,Total,Lunar,-10.0,-159.0
21/02/2008,2008,2000,Total,Lunar,10.0,-48.0
16/08/2008,2008,2000,Partial,Lunar,-13.0,43.0
01/08/2008,2008,2000,Total,Solar,65.7,72.3
07/02/2008,2008,2000,Annular,Solar,-67.6,-150.5
07/07/2009,2009,2000,Penumbral,Lunar,-24.0,-143.0
26/01/2009,2009,2000,Annular,Solar,-34.1,70.2
22/07/2009,2009,2000,Total,Solar,24.2,144.1
06/08/2009,2009,2000,Penumbral,Lunar,-16.0,-9.0
09/02/2009,2009,2000,Penumbral,Lunar,14.0,144.0
31/12/2009,2009,2000,Partial,Lunar,24.0,70.0
11/07/2010,2010,2010,Total,Solar,-19.7,-121.9
21/12/2010,2010,2010,Total,Lunar,24.0,-125.0
26/06/2010,2010,2010,Partial,Lunar,-24.0,-174.0
15/01/2010,2010,2010,Annular,Solar,1.6,69.3
10/12/2011,2011,2010,Total,Lunar,23.0,140.0
01/07/2011,2011,2010,Partial,Solar,-65.2,28.6
25/11/2011,2011,2010,Partial,Solar,-68.6,-82.4
01/06/2011,2011,2010,Partial,Solar,67.8,46.8
04/01/2011,2011,2010,Partial,Solar,64.7,20.8
15/06/2011,2011,2010,Total,Lunar,-23.0,57.0
28/11/2012,2012,2010,Penumbral,Lunar,20.0,139.0
13/11/2012,2012,2010,Total,Solar,-40.0,-161.3
04/06/2012,2012,2010,Partial,Lunar,-22.0,-166.0
20/05/2012,2012,2010,Annular,Solar,49.1,176.3
18/10/2013,2013,2010,Penumbral,Lunar,11.0,-2.0
25/05/2013,2013,2010,Penumbral,Lunar,-19.0,-63.0
25/04/2013,2013,2010,Partial,Lunar,-14.0,57.0
10/05/2013,2013,2010,Annular,Solar,2.2,175.5
03/11/2013,2013,2010,Hybrid,Solar,3.5,-11.7
23/10/2014,2014,2010,Partial,Solar,71.2,-97.2
29/04/2014,2014,2010,Annular,Solar,-70.6,131.3
15/04/2014,2014,2010,Total,Lunar,-10.0,-116.0
08/10/2014,2014,2010,Total,Lunar,6.0,-167.0
28/09/2015,2015,2010,Total,Lunar,2.0,-44.0
04/04/2015,2015,2010,Total,Lunar,-5.0,-179.0
20/03/2015,2015,2010,Total,Solar,64.4,-6.6
13/09/2015,2015,2010,Partial,Solar,-72.1,-2.3
16/09/2016,2016,2010,Penumbral,Lunar,-3.0,75.0
23/03/2016,2016,2010,Penumbral,Lunar,-0.0,-175.0
09/03/2016,2016,2010,Total,Solar,10.1,148.8
01/09/2016,2016,2010,Annular,Solar,-10.7,37.8
21/08/2017,2017,2010,Total,Solar,37.0,-87.7
26/02/2017,2017,2010,Annular,Solar,-34.7,-31.2
11/02/2017,2017,2010,Penumbral,Lunar,13.0,-8.0
07/08/2017,2017,2010,Partial,Lunar,-15.0,86.0
31/01/2018,2018,2010,Total,Lunar,17.0,161.0
27/07/2018,2018,2010,Total,Lunar,-19.0,56.0
15/02/2018,2018,2010,Partial,Solar,-71.0,0.6
13/07/2018,2018,2010,Partial,Solar,-67.9,127.4
11/08/2018,2018,2010,Partial,Solar,70.4,174.5
21/01/2019,2019,2010,Total,Lunar,20.0,-75.0
26/12/2019,2019,2010,Annular,Solar,1.0,102.3
02/07/2019,2019,2010,Total,Solar,-17.4,-109.0
16/07/2019,2019,2010,Partial,Lunar,-22.0,39.0
06/01/2019,2019,2010,Partial,Solar,67.4,153.6
30/11/2020,2020,2020,Penumbral,Lunar,21.0,-148.0
05/07/2020,2020,2020,Penumbral,Lunar,-24.0,-66.0
14/12/2020,2020,2020,Total,Solar,-40.3,-67.9
21/06/2020,2020,2020,Annular,Solar,30.5,79.7
10/01/2020,2020,2020,Penumbral,Lunar,23.0,74.0
05/06/2020,2020,2020,Penumbral,Lunar,-21.0,69.0
10/06/2021,2021,2020,Annular,Solar,80.8,-66.8
04/12/2021,2021,2020,Total,Solar,-76.8,-46.2
26/05/2021,2021,2020,Total,Lunar,-21.0,-170.0
19/11/2021,2021,2020,Partial,Lunar,19.0,-139.0
16/05/2022,2022,2020,Total,Lunar,-19.0,-64.0
08/11/2022,2022,2020,Total,Lunar,17.0,-169.0
30/04/2022,2022,2020,Partial,Solar,-62.1,-71.5
25/10/2022,2022,2020,Partial,Solar,61.6,77.4
05/05/2023,2023,2020,Penumbral,Lunar,-17.0,98.0
28/10/2023,2023,2020,Partial,Lunar,14.0,52.0
20/04/2023,2023,2020,Hybrid,Solar,-9.6,125.8
14/10/2023,2023,2020,Annular,Solar,11.4,-83.1
02/10/2024,2024,2020,Annular,Solar,-22.0,-114.5
08/04/2024,2024,2020,Total,Solar,25.3,-104.1
25/03/2024,2024,2020,Penumbral,Lunar,-1.0,-106.0
18/09/2024,2024,2020,Partial,Lunar,-3.0,-42.0
29/03/2025,2025,2020,Partial,Solar,61.1,-77.1
21/09/2025,2025,2020,Partial,Solar,-60.9,153.5
14/03/2025,2025,2020,Total,Lunar,3.0,-102.0
07/09/2025,2025,2020,Total,Lunar,-6.0,87.0
03/03/2026,2026,2020,Total,Lunar,6.0,-171.0
28/08/2026,2026,2020,Partial,Lunar,-9.0,-63.0
17/02/2026,2026,2020,Annular,Solar,-64.7,86.8
12/08/2026,2026,2020,Total,Solar,65.2,-25.2
06/02/2027,2027,2020,Annular,Solar,-31.3,-48.5
02/08/2027,2027,2020,Total,Solar,25.5,33.2
18/07/2027,2027,2020,Penumbral,Lunar,-22.0,121.0
17/08/2027,2027,2020,Penumbral,Lunar,-12.0,-108.0
20/02/2027,2027,2020,Penumbral,Lunar,10.0,15.0
22/07/2028,2028,2020,Total,Solar,-15.6,126.7
31/12/2028,2028,2020,Total,Lunar,23.0,108.0
06/07/2028,2028,2020,Partial,Lunar,-23.0,86.0
12/01/2028,2028,2020,Partial,Lunar,23.0,-61.0
26/01/2028,2028,2020,Annular,Solar,3.0,-51.5
26/06/2029,2029,2020,Total,Lunar,-23.0,-50.0
20/12/2029,2029,2020,Total,Lunar,23.0,19.0
12/06/2029,2029,2020,Partial,Solar,66.8,-66.2
14/01/2029,2029,2020,Partial,Solar,63.7,-114.2
05/12/2029,2029,2020,Partial,Solar,-67.5,135.7
11/07/2029,2029,2020,Partial,Solar,-64.3,-85.6
09/12/2030,2030,2030,Penumbral,Lunar,22.0,21.0
15/06/2030,2030,2030,Partial,Lunar,-23.0,82.0
01/06/2030,2030,2030,Annular,Solar,56.5,80.1
25/11/2030,2030,2030,Total,Solar,-43.6,71.2
14/11/2031,2031,2030,Hybrid,Solar,-0.6,-137.6
21/05/2031,2031,2030,Annular,Solar,8.9,71.7
30/10/2031,2031,2030,Penumbral,Lunar,15.0,-121.0
07/05/2031,2031,2030,Penumbral,Lunar,-18.0,-59.0
05/06/2031,2031,2030,Penumbral,Lunar,-21.0,-176.0
18/10/2032,2032,2030,Total,Lunar,10.0,71.0
25/04/2032,2032,2030,Total,Lunar,-14.0,131.0
09/05/2032,2032,2030,Annular,Solar,-51.3,-7.1
03/11/2032,2032,2030,Partial,Solar,70.4,132.6
14/04/2033,2033,2030,Total,Lunar,-9.0,72.0
23/09/2033,2033,2030,Partial,Solar,-72.2,-121.2
30/03/2033,2033,2030,Total,Solar,71.3,-155.8
08/10/2033,2033,2030,Total,Lunar,6.0,-167.0
20/03/2034,2034,2030,Total,Solar,16.1,22.2
28/09/2034,2034,2030,Partial,Lunar,1.0,-44.0
03/04/2034,2034,2030,Penumbral,Lunar,-5.0,75.0
12/09/2034,2034,2030,Annular,Solar,-18.2,-72.6
09/03/2035,2035,2030,Annular,Solar,-29.0,-154.9
02/09/2035,2035,2030,Total,Solar,29.1,158.0
22/02/2035,2035,2030,Penumbral,Lunar,9.0,-133.0
19/08/2035,2035,2030,Partial,Lunar,-12.0,-17.0
07/08/2036,2036,2030,Total,Lunar,-16.0,-41.0
11/02/2036,2036,2030,Total,Lunar,14.0,31.0
21/08/2036,2036,2030,Partial,Solar,71.1,47.0
27/02/2036,2036,2030,Partial,Solar,-71.6,-131.4
23/07/2036,2036,2030,Partial,Solar,-68.9,3.6
16/01/2037,2037,2030,Partial,Solar,68.5,20.8
31/01/2037,2037,2030,Total,Lunar,18.0,153.0
27/07/2037,2037,2030,Partial,Lunar,-20.0,-60.0
13/07/2037,2037,2030,Total,Solar,-24.8,139.1
17/06/2038,2038,2030,Penumbral,Lunar,-22.0,-41.0
26/12/2038,2038,2030,Total,Solar,-40.3,164.0
11/12/2038,2038,2030,Penumbral,Lunar,22.0,93.0
21/01/2038,2038,2030,Penumbral,Lunar,21.0,-54.0
02/07/2038,2038,2030,Annular,Solar,25.4,-21.9
05/01/2038,2038,2030,Annular,Solar,2.1,-25.4
16/07/2038,2038,2030,Penumbral,Lunar,-23.0,-172.0
21/06/2039,2039,2030,Annular,Solar,78.9,-102.1
30/11/2039,2039,2030,Partial,Lunar,21.0,104.0
06/06/2039,2039,2030,Partial,Lunar,-22.0,77.0
15/12/2039,2039,2030,Total,Solar,-80.9,172.8
11/05/2040,2040,2040,Partial,Solar,-62.8,174.4
26/05/2040,2040,2040,Total,Lunar,-21.0,-177.0
18/11/2040,2040,2040,Total,Lunar,20.0,70.0
04/11/2040,2040,2040,Partial,Solar,62.2,-53.4
30/04/2041,2041,2040,Total,Solar,-9.6,12.2
08/11/2041,2041,2040,Partial,Lunar,18.0,-73.0
16/05/2041,2041,2040,Partial,Lunar,-20.0,-12.0
25/10/2041,2041,2040,Annular,Solar,9.9,162.9
20/04/2042,2042,2040,Total,Solar,27.0,137.3
05/04/2042,2042,2040,Penumbral,Lunar,-5.0,144.0
29/09/2042,2042,2040,Penumbral,Lunar,2.0,-163.0
14/10/2042,2042,2040,Annular,Solar,-23.7,137.8
25/03/2043,2043,2040,Total,Lunar,-2.0,144.0
09/04/2043,2043,2040,Total,Solar,61.3,152.0
03/10/2043,2043,2040,Annular,Solar,-61.0,35.3
19/09/2043,2043,2040,Total,Lunar,-2.0,-29.0
07/09/2044,2044,2040,Total,Lunar,-5.0,-171.0
23/08/2044,2044,2040,Total,Solar,64.3,-120.4
28/02/2044,2044,2040,Annular,Solar,-62.2,-25.6
13/03/2044,2044,2040,Total,Lunar,2.0,68.0
16/02/2045,2045,2040,Annular,Solar,-28.3,-166.2
27/08/2045,2045,2040,Penumbral,Lunar,-9.0,152.0
03/03/2045,2045,2040,Penumbral,Lunar,6.0,-113.0
12/08/2045,2045,2040,Total,Solar,25.9,-78.5
18/07/2046,2046,2040,Partial,Lunar,-22.0,-14.0
05/02/2046,2046,2040,Annular,Solar,4.8,-171.4
02/08/2046,2046,2040,Total,Solar,-12.7,15.2
22/01/2046,2046,2040,Partial,Lunar,21.0,168.0
12/01/2047,2047,2040,Total,Lunar,22.0,-19.0
26/01/2047,2047,2040,Partial,Solar,62.9,111.7
16/12/2047,2047,2040,Partial,Solar,-66.4,-6.6
22/07/2047,2047,2040,Partial,Solar,-63.4,160.2
07/07/2047,2047,2040,Total,Lunar,-23.0,-157.0
23/06/2047,2047,2040,Partial,Solar,65.8,-178.0
26/06/2048,2048,2040,Partial,Lunar,-23.0,-30.0
05/12/2048,2048,2040,Total,Solar,-46.1,-56.4
20/12/2048,2048,2040,Penumbral,Lunar,22.0,-97.0
11/06/2048,2048,2040,Annular,Solar,63.7,-11.5
01/01/2048,2048,2040,Total,Lunar,23.0,-102.0
09/11/2049,2049,2040,Penumbral,Lunar,18.0,118.0
31/05/2049,2049,2040,Annular,Solar,15.3,-29.9
25/11/2049,2049,2040,Hybrid,Solar,-3.8,95.2
15/06/2049,2049,2040,Penumbral,Lunar,-22.0,72.0
17/05/2049,2049,2040,Penumbral,Lunar,-21.0,-172.0
14/11/2050,2050,2050,Partial,Solar,69.5,1.0
30/10/2050,2050,2050,Total,Lunar,14.0,-54.0
06/05/2050,2050,2050,Total,Lunar,-17.0,21.0
20/05/2050,2050,2050,Hybrid,Solar,-40.1,-123.7
19/10/2051,2051,2050,Total,Lunar,10.0,69.0
04/10/2051,2051,2050,Partial,Solar,-72.0,117.7
11/04/2051,2051,2050,Partial,Solar,71.6,32.2
26/04/2051,2051,2050,Total,Lunar,-13.0,-34.0
14/04/2052,2052,2050,Penumbral,Lunar,-9.0,-34.0
22/09/2052,2052,2050,Annular,Solar,-25.7,175.0
30/03/2052,2052,2050,Total,Solar,22.4,-102.5
08/10/2052,2052,2050,Partial,Lunar,5.0,-164.0
12/09/2053,2053,2050,Total,Solar,21.5,41.7
04/03/2053,2053,2050,Penumbral,Lunar,5.0,102.0
29/08/2053,2053,2050,Penumbral,Lunar,-8.0,-121.0
20/03/2053,2053,2050,Annular,Solar,-23.0,83.0
09/03/2054,2054,2050,Partial,Solar,-72.0,97.9
03/08/2054,2054,2050,Partial,Solar,-69.8,-121.3
18/08/2054,2054,2050,Total,Lunar,-13.0,-140.0
22/02/2054,2054,2050,Total,Lunar,10.0,-99.0
02/09/2054,2054,2050,Partial,Solar,71.7,-82.3
07/08/2055,2055,2050,Partial,Lunar,-17.0,-161.0
11/02/2055,2055,2050,Total,Lunar,14.0,22.0
24/07/2055,2055,2050,Total,Solar,-33.3,25.8
27/01/2055,2055,2050,Partial,Solar,69.5,-112.2
12/07/2056,2056,2050,Annular,Solar,19.4,-123.7
16/01/2056,2056,2050,Annular,Solar,3.9,-153.5
27/06/2056,2056,2050,Penumbral,Lunar,-22.0,-149.0
22/12/2056,2056,2050,Penumbral,Lunar,22.0,-27.0
01/02/2056,2056,2050,Penumbral,Lunar,18.0,177.0
26/07/2056,2056,2050,Penumbral,Lunar,-20.0,81.0
05/01/2057,2057,2050,Total,Solar,-39.2,35.2
26/12/2057,2057,2050,Total,Solar,-84.9,21.8
01/07/2057,2057,2050,Annular,Solar,71.5,-176.2
11/12/2057,2057,2050,Partial,Lunar,23.0,-15.0
17/06/2057,2057,2050,Partial,Lunar,-23.0,-36.0
16/11/2058,2058,2050,Partial,Solar,62.9,174.2
21/06/2058,2058,2050,Partial,Solar,65.9,9.9
22/05/2058,2058,2050,Partial,Solar,-63.5,61.1
06/06/2058,2058,2050,Total,Lunar,-23.0,71.0
30/11/2058,2058,2050,Total,Lunar,22.0,-52.0
27/05/2059,2059,2050,Partial,Lunar,-22.0,-119.0
19/11/2059,2059,2050,Partial,Lunar,20.0,161.0
11/05/2059,2059,2050,Total,Solar,-10.7,-100.4
05/11/2059,2059,2050,Annular,Solar,8.7,47.1
30/04/2060,2060,2060,Total,Solar,28.0,20.9
24/10/2060,2060,2060,Annular,Solar,-25.8,28.1
09/10/2060,2060,2060,Penumbral,Lunar,6.0,74.0
15/04/2060,2060,2060,Penumbral,Lunar,-9.0,37.0
08/11/2060,2060,2060,Penumbral,Lunar,18.0,-65.0
29/09/2061,2061,2060,Total,Lunar,2.0,-146.0
20/04/2061,2061,2060,Total,Solar,64.5,59.2
13/10/2061,2061,2060,Annular,Solar,-62.1,-54.4
04/04/2061,2061,2060,Total,Lunar,-6.0,33.0
11/03/2062,2062,2060,Partial,Solar,-61.0,-147.1
03/09/2062,2062,2060,Partial,Solar,61.3,150.3
18/09/2062,2062,2060,Total,Lunar,-1.0,80.0
25/03/2062,2062,2060,Total,Lunar,-2.0,-52.0
14/03/2063,2063,2060,Partial,Lunar,1.0,121.0
07/09/2063,2063,2060,Penumbral,Lunar,-5.0,49.0
28/02/2063,2063,2060,Annular,Solar,-25.2,77.7
24/08/2063,2063,2060,Total,Solar,25.6,168.4
17/02/2064,2064,2060,Annular,Solar,7.0,69.7
28/07/2064,2064,2060,Partial,Lunar,-20.0,-116.0
02/02/2064,2064,2060,Partial,Lunar,18.0,37.0
12/08/2064,2064,2060,Total,Solar,-10.9,-96.0
17/07/2065,2065,2060,Total,Lunar,-21.0,95.0
27/12/2065,2065,2060,Partial,Solar,-65.4,-149.2
03/07/2065,2065,2060,Partial,Solar,64.8,71.9
22/01/2065,2065,2060,Total,Lunar,20.0,-146.0
02/08/2065,2065,2060,Partial,Solar,-62.7,46.5
05/02/2065,2065,2060,Partial,Solar,62.2,-21.9
17/12/2066,2066,2060,Total,Solar,-47.4,175.8
22/06/2066,2066,2060,Annular,Solar,70.1,-96.4
31/12/2066,2066,2060,Penumbral,Lunar,22.0,144.0
07/07/2066,2066,2060,Partial,Lunar,-22.0,-141.0
11/01/2066,2066,2060,Total,Lunar,21.0,136.0
21/11/2067,2067,2060,Penumbral,Lunar,21.0,-4.0
06/12/2067,2067,2060,Hybrid,Solar,-6.0,-32.4
28/05/2067,2067,2060,Penumbral,Lunar,-23.0,76.0
27/06/2067,2067,2060,Penumbral,Lunar,-22.0,-39.0
11/06/2067,2067,2060,Annular,Solar,21.0,-130.2
09/11/2068,2068,2060,Total,Lunar,18.0,180.0
31/05/2068,2068,2060,Total,Solar,-31.0,123.2
24/11/2068,2068,2060,Partial,Solar,68.5,-131.1
17/05/2068,2068,2060,Partial,Lunar,-20.0,-86.0
20/05/2069,2069,2060,Partial,Solar,-68.8,-69.9
30/10/2069,2069,2060,Total,Lunar,14.0,-57.0
15/10/2069,2069,2060,Partial,Solar,-71.6,-5.5
21/04/2069,2069,2060,Partial,Solar,71.0,-101.3
06/05/2069,2069,2060,Total,Lunar,-17.0,-138.0
11/04/2070,2070,2070,Total,Solar,29.1,135.1
04/10/2070,2070,2070,Annular,Solar,-32.8,60.4
19/10/2070,2070,2070,Partial,Lunar,9.0,74.0
25/04/2070,2070,2070,Penumbral,Lunar,-12.0,-140.0
31/03/2071,2071,2070,Annular,Solar,-16.7,-37.0
09/09/2071,2071,2070,Penumbral,Lunar,-4.0,133.0
16/03/2071,2071,2070,Penumbral,Lunar,1.0,-20.0
23/09/2071,2071,2070,Total,Solar,14.2,-76.7
28/08/2072,2072,2070,Total,Lunar,-9.0,119.0
12/09/2072,2072,2070,Total,Solar,69.8,102.0
19/03/2072,2072,2070,Partial,Solar,-72.2,-30.4
04/03/2072,2072,2070,Total,Lunar,6.0,133.0
17/08/2073,2073,2070,Total,Lunar,-13.0,96.0
03/08/2073,2073,2070,Total,Solar,-43.2,-89.4
07/02/2073,2073,2070,Partial,Solar,70.5,114.9
22/02/2073,2073,2070,Total,Lunar,10.0,-107.0
24/07/2074,2074,2070,Annular,Solar,12.8,133.7
27/01/2074,2074,2070,Annular,Solar,6.6,78.8
11/02/2074,2074,2070,Penumbral,Lunar,15.0,50.0
07/08/2074,2074,2070,Penumbral,Lunar,-17.0,-27.0
08/07/2074,2074,2070,Penumbral,Lunar,-21.0,101.0
16/01/2075,2075,2070,Total,Solar,-37.2,-94.1
02/01/2075,2075,2070,Penumbral,Lunar,22.0,-147.0
28/06/2075,2075,2070,Partial,Lunar,-23.0,-147.0
13/07/2075,2075,2070,Annular,Solar,63.1,95.2
22/12/2075,2075,2070,Partial,Lunar,23.0,-134.0
01/06/2076,2076,2070,Partial,Solar,-64.4,-51.2
10/12/2076,2076,2070,Total,Lunar,23.0,-175.0
06/01/2076,2076,2070,Total,Solar,-87.2,-173.7
01/07/2076,2076,2070,Partial,Solar,67.0,-98.1
17/06/2076,2076,2070,Total,Lunar,-23.0,-39.0
26/11/2076,2076,2070,Partial,Solar,63.7,40.1
15/11/2077,2077,2070,Annular,Solar,7.8,-70.8
06/06/2077,2077,2070,Partial,Lunar,-24.0,135.0
29/11/2077,2077,2070,Partial,Lunar,23.0,34.0
22/05/2077,2077,2070,Total,Solar,-13.1,148.3
21/10/2078,2078,2070,Penumbral,Lunar,10.0,-50.0
11/05/2078,2078,2070,Total,Solar,28.1,-93.7
04/11/2078,2078,2070,Annular,Solar,-27.8,-83.3
19/11/2078,2078,2070,Penumbral,Lunar,21.0,166.0
27/04/2078,2078,2070,Penumbral,Lunar,-13.0,-68.0
16/04/2079,2079,2070,Partial,Lunar,-10.0,-77.0
10/10/2079,2079,2070,Total,Lunar,7.0,95.0
24/10/2079,2079,2070,Annular,Solar,-63.4,-160.6
01/05/2079,2079,2070,Total,Solar,66.2,-46.3
29/09/2080,2080,2080,Total,Lunar,3.0,-30.0
13/09/2080,2080,2080,Partial,Solar,61.1,25.8
04/04/2080,2080,2080,Total,Lunar,-6.0,-170.0
21/03/2080,2080,2080,Partial,Solar,-60.9,85.9
03/09/2081,2081,2080,Total,Solar,24.6,53.6
18/09/2081,2081,2080,Penumbral,Lunar,-1.0,-55.0
10/03/2081,2081,2080,Annular,Solar,-22.4,-36.7
25/03/2081,2081,2080,Partial,Lunar,-3.0,-4.0
24/08/2082,2082,2080,Total,Solar,-10.3,151.8
27/02/2082,2082,2080,Annular,Solar,9.4,-47.1
08/08/2082,2082,2080,Penumbral,Lunar,-17.0,141.0
13/02/2082,2082,2080,Partial,Lunar,14.0,-93.0
13/08/2083,2083,2080,Partial,Solar,-62.1,-67.5
15/07/2083,2083,2080,Partial,Solar,64.0,-37.7
29/07/2083,2083,2080,Total,Lunar,-19.0,-14.0
16/02/2083,2083,2080,Partial,Solar,61.6,-154.1
02/02/2083,2083,2080,Total,Lunar,17.0,88.0
17/07/2084,2084,2080,Partial,Lunar,-20.0,107.0
07/01/2084,2084,2080,Partial,Solar,-64.4,68.5
22/01/2084,2084,2080,Total,Lunar,19.0,15.0
03/07/2084,2084,2080,Annular,Solar,75.0,-169.1
27/12/2084,2084,2080,Total,Solar,-47.3,47.7
08/06/2085,2085,2080,Penumbral,Lunar,-24.0,-34.0
16/12/2085,2085,2080,Annular,Solar,-7.3,-160.8
22/06/2085,2085,2080,Annular,Solar,26.2,131.3
07/07/2085,2085,2080,Penumbral,Lunar,-21.0,-149.0
01/12/2085,2085,2080,Penumbral,Lunar,23.0,-128.0
10/01/2085,2085,2080,Penumbral,Lunar,21.0,24.0
20/11/2086,2086,2080,Partial,Lunar,20.0,52.0
28/05/2086,2086,2080,Partial,Lunar,-22.0,169.0
06/12/2086,2086,2080,Partial,Solar,67.4,96.2
11/06/2086,2086,2080,Total,Solar,-23.2,12.5
17/05/2087,2087,2080,Total,Lunar,-19.0,121.0
10/11/2087,2087,2080,Total,Lunar,17.0,175.0
02/05/2087,2087,2080,Partial,Solar,70.3,127.6
01/06/2087,2087,2080,Partial,Solar,-67.8,165.4
26/10/2087,2087,2080,Partial,Solar,-71.0,-130.5
21/04/2088,2088,2080,Total,Solar,36.0,15.1
05/05/2088,2088,2080,Partial,Lunar,-16.0,116.0
14/10/2088,2088,2080,Annular,Solar,-39.7,-56.0
30/10/2088,2088,2080,Partial,Lunar,13.0,-49.0
10/04/2089,2089,2080,Annular,Solar,-10.2,-154.8
26/03/2089,2089,2080,Penumbral,Lunar,-4.0,-142.0
19/09/2089,2089,2080,Penumbral,Lunar,0.0,26.0
04/10/2089,2089,2080,Total,Solar,7.4,162.8
08/09/2090,2090,2090,Total,Lunar,-5.0,17.0
23/09/2090,2090,2090,Total,Solar,60.7,-40.5
15/03/2090,2090,2090,Total,Lunar,1.0,6.0
31/03/2090,2090,2090,Partial,Solar,-72.1,-156.3
29/08/2091,2091,2090,Total,Lunar,-10.0,-8.0
05/03/2091,2091,2090,Total,Lunar,6.0,124.0
18/02/2091,2091,2090,Partial,Solar,71.2,-17.8
15/08/2091,2091,2090,Total,Solar,-55.6,150.5
23/02/2092,2092,2090,Penumbral,Lunar,11.0,-76.0
19/07/2092,2092,2090,Penumbral,Lunar,-19.0,-8.0
17/08/2092,2092,2090,Penumbral,Lunar,-14.0,-136.0
03/08/2092,2092,2090,Annular,Solar,5.6,30.3
07/02/2092,2092,2090,Annular,Solar,9.9,-48.7
08/07/2093,2093,2090,Partial,Lunar,-22.0,101.0
12/01/2093,2093,2090,Penumbral,Lunar,20.0,93.0
23/07/2093,2093,2090,Annular,Solar,54.6,1.3
27/01/2093,2093,2090,Total,Solar,-34.1,136.4
01/01/2094,2094,2090,Partial,Lunar,22.0,107.0
12/07/2094,2094,2090,Partial,Solar,68.0,152.8
13/06/2094,2094,2090,Partial,Solar,-65.3,-163.6
16/01/2094,2094,2090,Total,Solar,-84.8,-10.6
07/12/2094,2094,2090,Partial,Solar,64.7,-95.0
21/12/2094,2094,2090,Total,Lunar,24.0,61.0
28/06/2094,2094,2090,Total,Lunar,-23.0,-149.0
27/11/2095,2095,2090,Annular,Solar,7.2,169.8
17/06/2095,2095,2090,Partial,Lunar,-24.0,31.0
11/12/2095,2095,2090,Partial,Lunar,24.0,-95.0
02/06/2095,2095,2090,Total,Solar,-16.7,37.2
07/05/2096,2096,2090,Penumbral,Lunar,-16.0,-171.0
22/05/2096,2096,2090,Total,Solar,27.3,153.4
15/11/2096,2096,2090,Annular,Solar,-29.7,163.3
29/11/2096,2096,2090,Penumbral,Lunar,23.0,37.0
31/10/2096,2096,2090,Penumbral,Lunar,13.0,-175.0
06/06/2096,2096,2090,Penumbral,Lunar,-24.0,-41.0
04/11/2097,2097,2090,Annular,Solar,-65.8,86.8
21/10/2097,2097,2090,Total,Lunar,11.0,-26.0
26/04/2097,2097,2090,Partial,Lunar,-13.0,176.0
11/05/2097,2097,2090,Total,Solar,67.4,-149.5
25/09/2098,2098,2090,Partial,Solar,61.1,-101.0
01/04/2098,2098,2090,Partial,Solar,-61.0,-38.1
15/04/2098,2098,2090,Total,Lunar,-10.0,74.0
24/10/2098,2098,2090,Partial,Solar,-61.8,-95.5
10/10/2098,2098,2090,Total,Lunar,7.0,-143.0
05/04/2099,2099,2090,Partial,Lunar,-7.0,-127.0
21/03/2099,2099,2090,Annular,Solar,-20.0,-149.0
14/09/2099,2099,2090,Total,Solar,23.4,-62.8
29/09/2099,2099,2090,Penumbral,Lunar,3.0,-161.0
04/09/2100,2100,2100,Total,Solar,-10.5,39.0
10/03/2100,2100,2100,Annular,Solar,12.0,-162.4
24/02/2100,2100,2100,Penumbral,Lunar,10.0,138.0
19/08/2100,2100,2100,Penumbral,Lunar,-13.0,36.0
24/08/2101,2101,2100,Partial,Solar,-61.6,178.2
14/02/2101,2101,2100,Total,Lunar,13.0,-38.0
09/08/2101,2101,2100,Total,Lunar,-16.0,-124.0
28/02/2101,2101,2100,Annular,Solar,60.5,80.0
03/02/2102,2102,2100,Total,Lunar,16.0,-105.0
30/07/2102,2102,2100,Total,Lunar,-18.0,-5.0
15/07/2102,2102,2100,Annular,Solar,75.9,134.2
19/01/2102,2102,2100,Partial,Solar,-63.5,-73.6
13/12/2103,2103,2100,Penumbral,Lunar,24.0,106.0
08/01/2103,2103,2100,Total,Solar,-46.1,-80.8
04/07/2103,2103,2100,Annular,Solar,30.3,33.2
29/12/2103,2103,2100,Annular,Solar,-7.5,70.5
23/01/2103,2103,2100,Penumbral,Lunar,19.0,-95.0
20/06/2103,2103,2100,Penumbral,Lunar,-25.0,-143.0
19/07/2103,2103,2100,Penumbral,Lunar,-20.0,100.0
02/12/2104,2104,2100,Partial,Lunar,22.0,-76.0
17/12/2104,2104,2100,Annular,Solar,66.4,-36.6
22/06/2104,2104,2100,Total,Solar,-16.6,-96.8
08/06/2104,2104,2100,Partial,Lunar,-23.0,66.0
06/11/2105,2105,2100,Partial,Solar,-70.2,102.7
14/05/2105,2105,2100,Partial,Solar,69.4,-1.4
12/06/2105,2105,2100,Partial,Solar,-66.8,41.9
28/05/2105,2105,2100,Total,Lunar,-21.0,22.0
21/11/2105,2105,2100,Total,Lunar,20.0,47.0
17/05/2106,2106,2100,Partial,Lunar,-19.0,13.0
11/11/2106,2106,2100,Partial,Lunar,16.0,-174.0
26/10/2106,2106,2100,Annular,Solar,-45.9,-174.1
03/05/2106,2106,2100,Total,Solar,43.1,-102.3
16/10/2107,2107,2100,Total,Solar,1.1,40.6
23/04/2107,2107,2100,Annular,Solar,-3.6,89.9
02/10/2107,2107,2100,Penumbral,Lunar,4.0,-83.0
07/05/2107,2107,2100,Penumbral,Lunar,-15.0,-67.0
07/04/2107,2107,2100,Penumbral,Lunar,-8.0,99.0
05/10/2108,2108,2100,Total,Solar,52.5,-172.0
11/04/2108,2108,2100,Partial,Solar,-71.7,80.5
27/03/2108,2108,2100,Total,Lunar,-3.0,-119.0
20/09/2108,2108,2100,Partial,Lunar,-1.0,-88.0
26/08/2109,2109,2100,Partial,Solar,-71.4,5.1
09/09/2109,2109,2100,Total,Lunar,-6.0,-115.0
17/03/2109,2109,2100,Total,Lunar,2.0,-2.0
01/03/2109,2109,2100,Partial,Solar,71.8,-149.1
06/03/2110,2110,2110,Penumbral,Lunar,7.0,160.0
29/08/2110,2110,2110,Partial,Lunar,-10.0,112.0
18/02/2110,2110,2110,Annular,Solar,14.1,-175.3
15/08/2110,2110,2110,Annular,Solar,-2.0,-74.3
25/01/2111,2111,2110,Penumbral,Lunar,18.0,-27.0
08/02/2111,2111,2110,Total,Solar,-30.2,6.8
21/07/2111,2111,2110,Partial,Lunar,-20.0,-11.0
04/08/2111,2111,2110,Annular,Solar,46.0,-95.3
29/01/2112,2112,2110,Total,Solar,-80.6,-163.8
23/07/2112,2112,2110,Partial,Solar,69.0,43.1
24/06/2112,2112,2110,Partial,Solar,-66.3,84.4
14/01/2112,2112,2110,Partial,Lunar,21.0,-14.0
09/07/2112,2112,2110,Total,Lunar,-22.0,102.0
19/12/2112,2112,2110,Partial,Solar,65.7,128.4
22/12/2113,2113,2110,Partial,Lunar,24.0,136.0
29/06/2113,2113,2110,Partial,Lunar,-24.0,-72.0
02/01/2113,2113,2110,Total,Lunar,23.0,-64.0
08/12/2113,2113,2110,Annular,Solar,7.1,48.9
13/06/2113,2113,2110,Total,Solar,-21.7,-73.8
12/11/2114,2114,2110,Penumbral,Lunar,17.0,58.0
19/05/2114,2114,2110,Penumbral,Lunar,-19.0,89.0
27/11/2114,2114,2110,Annular,Solar,-31.3,48.4
03/06/2114,2114,2110,Total,Solar,25.4,41.3
18/06/2114,2114,2110,Penumbral,Lunar,-25.0,-138.0
12/12/2114,2114,2110,Penumbral,Lunar,25.0,-93.0
02/11/2115,2115,2110,Partial,Lunar,14.0,-147.0
08/05/2115,2115,2110,Partial,Lunar,-17.0,70.0
24/05/2115,2115,2110,Total,Solar,67.8,109.4
16/11/2115,2115,2110,Annular,Solar,-68.7,-27.8
13/04/2116,2116,2110,Partial,Solar,-61.3,-160.2
06/10/2116,2116,2110,Partial,Solar,61.2,130.4
04/11/2116,2116,2110,Partial,Solar,-62.3,132.3
27/04/2116,2116,2110,Total,Lunar,-14.0,-40.0
21/10/2116,2116,2110,Total,Lunar,11.0,104.0
26/09/2117,2117,2110,Total,Solar,21.9,178.4
02/04/2117,2117,2110,Annular,Solar,-18.4,101.1
16/04/2117,2117,2110,Partial,Lunar,-11.0,113.0
10/10/2117,2117,2110,Partial,Lunar,8.0,91.0
31/08/2118,2118,2110,Penumbral,Lunar,-10.0,-71.0
07/03/2118,2118,2110,Penumbral,Lunar,6.0,11.0
22/03/2118,2118,2110,Annular,Solar,14.3,84.7
15/09/2118,2118,2110,Total,Solar,-11.5,-75.2
05/09/2119,2119,2110,Partial,Solar,-61.2,62.8
25/02/2119,2119,2110,Total,Lunar,10.0,-162.0
11/03/2119,2119,2110,Annular,Solar,56.7,-29.2
20/08/2119,2119,2110,Total,Lunar,-13.0,124.0
09/08/2120,2120,2120,Total,Lunar,-15.0,-118.0
14/02/2120,2120,2120,Total,Lunar,13.0,135.0
25/07/2120,2120,2120,Annular,Solar,66.0,90.4
30/01/2120,2120,2120,Partial,Solar,-62.7,145.3
02/02/2121,2121,2120,Penumbral,Lunar,16.0,146.0
30/06/2121,2121,2120,Penumbral,Lunar,-25.0,110.0
30/07/2121,2121,2120,Penumbral,Lunar,-17.0,-11.0
24/12/2121,2121,2120,Penumbral,Lunar,25.0,-20.0
19/01/2121,2121,2120,Total,Solar,-43.9,150.1
14/07/2121,2121,2120,Annular,Solar,33.6,-64.3
20/06/2122,2122,2120,Partial,Lunar,-24.0,-35.0
28/12/2122,2122,2120,Annular,Solar,65.3,-169.8
04/07/2122,2122,2120,Total,Solar,-11.0,154.7
08/01/2122,2122,2120,Annular,Solar,-6.9,-58.2
13/12/2122,2122,2120,Partial,Lunar,24.0,154.0
23/06/2123,2123,2120,Partial,Solar,-65.8,-80.3
25/05/2123,2123,2120,Partial,Solar,68.5,-128.2
09/06/2123,2123,2120,Total,Lunar,-23.0,-76.0
03/12/2123,2123,2120,Total,Lunar,22.0,-83.0
18/11/2123,2123,2120,Partial,Solar,-69.3,-25.5
21/11/2124,2124,2120,Partial,Lunar,19.0,61.0
28/05/2124,2124,2120,Partial,Lunar,-21.0,-87.0
14/05/2124,2124,2120,Total,Solar,50.3,143.2
06/11/2124,2124,2120,Annular,Solar,-51.6,66.8
26/10/2125,2125,2120,Total,Solar,-4.5,-83.6
17/05/2125,2125,2120,Penumbral,Lunar,-18.0,-176.0
12/10/2125,2125,2120,Penumbral,Lunar,9.0,167.0
18/04/2125,2125,2120,Penumbral,Lunar,-12.0,-19.0
03/05/2125,2125,2120,Annular,Solar,3.0,-22.6
22/04/2126,2126,2120,Annular,Solar,-71.1,-40.0
16/10/2126,2126,2120,Total,Solar,45.3,58.6
07/04/2126,2126,2120,Total,Lunar,-7.0,117.0
01/10/2126,2126,2120,Partial,Lunar,4.0,166.0
13/03/2127,2127,2120,Partial,Solar,72.1,80.4
06/09/2127,2127,2120,Partial,Solar,-71.9,-120.1
20/09/2127,2127,2120,Total,Lunar,-1.0,136.0
28/03/2127,2127,2120,Total,Lunar,-3.0,-128.0
09/09/2128,2128,2120,Partial,Lunar,-6.0,-2.0
16/03/2128,2128,2120,Penumbral,Lunar,2.0,37.0
01/03/2128,2128,2120,Annular,Solar,18.9,59.1
25/08/2128,2128,2120,Annular,Solar,-9.8,180.0
18/02/2129,2129,2120,Total,Solar,-25.6,-122.5
15/08/2129,2129,2120,Annular,Solar,37.4,165.8
31/07/2129,2129,2120,Partial,Lunar,-17.0,-123.0
04/02/2129,2129,2120,Penumbral,Lunar,15.0,-146.0
21/07/2130,2130,2130,Total,Lunar,-20.0,-7.0
24/01/2130,2130,2130,Partial,Lunar,19.0,-134.0
04/08/2130,2130,2130,Partial,Solar,69.9,-68.7
08/02/2130,2130,2130,Total,Solar,-75.9,51.8
30/12/2130,2130,2130,Partial,Solar,66.8,-8.8
10/07/2131,2131,2130,Partial,Lunar,-23.0,-174.0
25/06/2131,2131,2130,Total,Solar,-28.1,174.7
19/12/2131,2131,2130,Annular,Solar,7.6,-72.8
13/01/2131,2131,2130,Total,Lunar,22.0,171.0
02/01/2132,2132,2130,Partial,Lunar,24.0,6.0
23/11/2132,2132,2130,Penumbral,Lunar,19.0,-71.0
22/12/2132,2132,2130,Penumbral,Lunar,25.0,136.0
30/05/2132,2132,2130,Penumbral,Lunar,-21.0,-10.0
28/06/2132,2132,2130,Penumbral,Lunar,-24.0,126.0
13/06/2132,2132,2130,Total,Solar,22.3,-70.1
07/12/2132,2132,2130,Annular,Solar,-32.2,-67.9
26/11/2133,2133,2130,Annular,Solar,-72.0,-143.5
03/06/2133,2133,2130,Total,Solar,66.6,10.7
12/11/2133,2133,2130,Partial,Lunar,17.0,90.0
19/05/2133,2133,2130,Partial,Lunar,-19.0,-34.0
08/05/2134,2134,2130,Total,Lunar,-17.0,-152.0
02/11/2134,2134,2130,Total,Lunar,15.0,-12.0
23/05/2134,2134,2130,Partial,Solar,63.7,55.3
17/10/2134,2134,2130,Partial,Solar,61.5,-0.4
24/04/2134,2134,2130,Partial,Solar,-61.8,80.5
16/11/2134,2134,2130,Partial,Solar,-63.0,-2.1
22/10/2135,2135,2130,Partial,Lunar,12.0,-20.0
28/04/2135,2135,2130,Partial,Lunar,-15.0,-6.0
07/10/2135,2135,2130,Total,Solar,20.3,57.6
13/04/2135,2135,2130,Annular,Solar,-17.6,-6.5
26/09/2136,2136,2130,Total,Solar,-13.0,169.4
16/04/2136,2136,2130,Penumbral,Lunar,-12.0,103.0
18/03/2136,2136,2130,Penumbral,Lunar,2.0,-115.0
10/09/2136,2136,2130,Penumbral,Lunar,-6.0,180.0
01/04/2136,2136,2130,Annular,Solar,16.5,-26.0
30/08/2137,2137,2130,Total,Lunar,-9.0,11.0
07/03/2137,2137,2130,Total,Lunar,5.0,76.0
15/09/2137,2137,2130,Partial,Solar,-61.0,-53.8
21/03/2137,2137,2130,Annular,Solar,55.6,-144.8
09/02/2138,2138,2130,Partial,Solar,-62.1,5.1
05/08/2138,2138,2130,Partial,Solar,62.4,-9.2
20/08/2138,2138,2130,Total,Lunar,-12.0,127.0
24/02/2138,2138,2130,Total,Lunar,9.0,17.0
25/07/2139,2139,2130,Annular,Solar,35.8,-161.9
13/02/2139,2139,2130,Penumbral,Lunar,12.0,27.0
12/07/2139,2139,2130,Penumbral,Lunar,-23.0,3.0
30/01/2139,2139,2130,Total,Solar,-41.0,20.7
10/08/2139,2139,2130,Penumbral,Lunar,-15.0,-122.0
20/01/2140,2140,2140,Annular,Solar,-5.5,173.4
23/12/2140,2140,2140,Partial,Lunar,24.0,24.0
04/01/2140,2140,2140,Penumbral,Lunar,24.0,-146.0
30/06/2140,2140,2140,Partial,Lunar,-24.0,-136.0
14/07/2140,2140,2140,Total,Solar,-6.7,46.5
13/12/2141,2141,2140,Total,Lunar,23.0,147.0
03/07/2141,2141,2140,Partial,Solar,-64.9,158.0
04/06/2141,2141,2140,Partial,Solar,67.5,106.7
28/11/2141,2141,2140,Partial,Solar,-68.2,-155.0
08/01/2141,2141,2140,Annular,Solar,64.3,57.7
19/06/2141,2141,2140,Total,Lunar,-23.0,-172.0
03/12/2142,2142,2140,Partial,Lunar,21.0,-65.0
08/06/2142,2142,2140,Partial,Lunar,-22.0,173.0
17/11/2142,2142,2140,Annular,Solar,-56.4,-52.4
25/05/2142,2142,2140,Total,Solar,57.4,31.9
23/10/2143,2143,2140,Penumbral,Lunar,13.0,54.0
07/11/2143,2143,2140,Total,Solar,-9.4,150.8
28/05/2143,2143,2140,Penumbral,Lunar,-20.0,76.0
29/04/2143,2143,2140,Penumbral,Lunar,-16.0,-135.0
14/05/2143,2143,2140,Annular,Solar,9.4,-132.7
03/05/2144,2144,2140,Annular,Solar,-53.6,-175.9
18/04/2144,2144,2140,Total,Lunar,-11.0,-4.0
11/10/2144,2144,2140,Partial,Lunar,8.0,57.0
26/10/2144,2144,2140,Total,Solar,39.2,-71.2
07/04/2145,2145,2140,Total,Lunar,-7.0,110.0
16/10/2145,2145,2140,Partial,Solar,71.4,101.7
16/09/2145,2145,2140,Partial,Solar,-72.1,112.8
23/03/2145,2145,2140,Partial,Solar,72.1,-48.0
30/09/2145,2145,2140,Total,Lunar,3.0,24.0
28/03/2146,2146,2140,Partial,Lunar,-2.0,-83.0
12/03/2146,2146,2140,Annular,Solar,24.4,-65.0
06/09/2146,2146,2140,Annular,Solar,-17.8,72.6
20/09/2146,2146,2140,Partial,Lunar,-2.0,-118.0
26/08/2147,2147,2140,Annular,Solar,29.0,65.2
15/02/2147,2147,2140,Penumbral,Lunar,12.0,95.0
11/08/2147,2147,2140,Partial,Lunar,-14.0,123.0
02/03/2147,2147,2140,Total,Solar,-20.5,108.8
09/09/2147,2147,2140,Penumbral,Lunar,-7.0,13.0
31/07/2148,2148,2140,Total,Lunar,-18.0,-116.0
19/02/2148,2148,2140,Total,Solar,-70.9,-88.3
04/02/2148,2148,2140,Partial,Lunar,16.0,106.0
14/08/2148,2148,2140,Partial,Solar,70.7,178.0
09/01/2149,2149,2140,Partial,Solar,67.9,-146.7
30/12/2149,2149,2140,Annular,Solar,8.6,164.7
20/07/2149,2149,2140,Partial,Lunar,-21.0,84.0
23/01/2149,2149,2140,Total,Lunar,19.0,45.0
05/07/2149,2149,2140,Total,Solar,-36.3,62.4
13/01/2150,2150,2150,Partial,Lunar,22.0,-124.0
19/12/2150,2150,2150,Annular,Solar,-32.3,175.0
04/12/2150,2150,2150,Penumbral,Lunar,21.0,160.0
09/07/2150,2150,2150,Penumbral,Lunar,-23.0,29.0
10/06/2150,2150,2150,Penumbral,Lunar,-22.0,-107.0
25/06/2150,2150,2150,Total,Solar,18.3,178.1
14/06/2151,2151,2150,Total,Solar,63.7,-89.4
02/01/2151,2151,2150,Penumbral,Lunar,24.0,4.0
08/12/2151,2151,2150,Annular,Solar,-75.1,103.1
30/05/2151,2151,2150,Partial,Lunar,-21.0,-136.0
24/11/2151,2151,2150,Partial,Lunar,20.0,-34.0
26/11/2152,2152,2150,Partial,Solar,-63.8,-138.4
28/10/2152,2152,2150,Partial,Solar,61.9,-133.3
18/05/2152,2152,2150,Total,Lunar,-20.0,97.0
12/11/2152,2152,2150,Total,Lunar,18.0,-128.0
03/06/2152,2152,2150,Partial,Solar,64.5,-61.5
04/05/2152,2152,2150,Partial,Solar,-62.3,-36.8
08/05/2153,2153,2150,Partial,Lunar,-18.0,-123.0
01/11/2153,2153,2150,Partial,Lunar,15.0,-132.0
17/10/2153,2153,2150,Total,Solar,18.8,-65.7
23/04/2153,2153,2150,Annular,Solar,-17.9,-111.8
28/04/2154,2154,2150,Penumbral,Lunar,-15.0,-16.0
29/03/2154,2154,2150,Penumbral,Lunar,-3.0,122.0
12/04/2154,2154,2150,Annular,Solar,18.2,-134.2
21/10/2154,2154,2150,Penumbral,Lunar,12.0,-145.0
21/09/2154,2154,2150,Penumbral,Lunar,-2.0,68.0
07/10/2154,2154,2150,Total,Solar,-15.1,52.1
19/03/2155,2155,2150,Total,Lunar,1.0,-45.0
26/09/2155,2155,2150,Annular,Solar,-58.6,-143.0
02/04/2155,2155,2150,Annular,Solar,55.6,101.3
11/09/2155,2155,2150,Total,Lunar,-5.0,-105.0
07/03/2156,2156,2150,Total,Lunar,5.0,-100.0
16/08/2156,2156,2150,Partial,Solar,61.9,-116.1
30/08/2156,2156,2150,Total,Lunar,-8.0,11.0
21/02/2156,2156,2150,Partial,Solar,-61.6,-133.7
09/02/2157,2157,2150,Total,Solar,-37.7,-108.4
24/02/2157,2157,2150,Partial,Lunar,9.0,-90.0
05/08/2157,2157,2150,Annular,Solar,37.1,99.6
20/08/2157,2157,2150,Partial,Lunar,-11.0,125.0
11/07/2158,2158,2150,Partial,Lunar,-23.0,124.0
30/01/2158,2158,2150,Annular,Solar,-3.4,45.5
25/07/2158,2158,2150,Total,Solar,-3.4,-61.8
14/01/2158,2158,2150,Penumbral,Lunar,22.0,87.0
15/07/2159,2159,2150,Partial,Solar,-64.0,36.7
24/12/2159,2159,2150,Total,Lunar,23.0,16.0
16/06/2159,2159,2150,Partial,Solar,66.5,-17.0
30/06/2159,2159,2150,Total,Lunar,-23.0,92.0
19/01/2159,2159,2150,Annular,Solar,63.4,-74.2
09/12/2159,2159,2150,Partial,Solar,-67.2,74.4
04/01/2159,2159,2150,Partial,Lunar,23.0,-107.0
18/06/2160,2160,2160,Partial,Lunar,-23.0,74.0
04/06/2160,2160,2160,Total,Solar,64.5,-74.9
13/12/2160,2160,2160,Partial,Lunar,22.0,167.0
27/11/2160,2160,2160,Annular,Solar,-60.1,-171.6
03/11/2161,2161,2160,Penumbral,Lunar,16.0,-59.0
09/05/2161,2161,2160,Penumbral,Lunar,-19.0,111.0
17/11/2161,2161,2160,Total,Solar,-13.4,23.6
25/05/2161,2161,2160,Annular,Solar,15.7,119.8
08/06/2161,2161,2160,Penumbral,Lunar,-22.0,-31.0
29/04/2162,2162,2160,Partial,Lunar,-15.0,-124.0
07/11/2162,2162,2160,Total,Solar,34.1,158.3
23/10/2162,2162,2160,Partial,Lunar,12.0,-54.0
14/05/2162,2162,2160,Annular,Solar,-42.3,72.8
03/04/2163,2163,2160,Partial,Solar,71.9,-175.0
28/09/2163,2163,2160,Partial,Solar,-72.1,-15.6
12/10/2163,2163,2160,Total,Lunar,7.0,-90.0
19/04/2163,2163,2160,Total,Lunar,-11.0,-11.0
27/10/2163,2163,2160,Partial,Solar,70.8,-33.9
07/04/2164,2164,2160,Partial,Lunar,-6.0,159.0
23/03/2164,2164,2160,Hybrid,Solar,30.4,172.1
16/09/2164,2164,2160,Annular,Solar,-25.7,-36.3
30/09/2164,2164,2160,Partial,Lunar,2.0,124.0
21/08/2165,2165,2160,Penumbral,Lunar,-11.0,8.0
26/02/2165,2165,2160,Penumbral,Lunar,8.0,-22.0
05/09/2165,2165,2160,Annular,Solar,20.7,-37.5
12/03/2165,2165,2160,Total,Solar,-14.9,-18.8
20/09/2165,2165,2160,Penumbral,Lunar,-2.0,-106.0
02/03/2166,2166,2160,Total,Solar,-65.4,134.4
15/02/2166,2166,2160,Partial,Lunar,12.0,-13.0
11/08/2166,2166,2160,Total,Lunar,-15.0,134.0
25/08/2166,2166,2160,Annular,Solar,74.4,41.5
04/02/2167,2167,2160,Total,Lunar,16.0,-80.0
16/07/2167,2167,2160,Total,Solar,-46.8,-52.4
21/01/2167,2167,2160,Partial,Solar,68.9,75.5
01/08/2167,2167,2160,Total,Lunar,-18.0,-19.0
14/12/2168,2168,2160,Penumbral,Lunar,22.0,31.0
24/01/2168,2168,2160,Partial,Lunar,20.0,105.0
20/07/2168,2168,2160,Penumbral,Lunar,-22.0,-66.0
10/01/2168,2168,2160,Annular,Solar,10.3,42.1
05/07/2168,2168,2160,Total,Solar,13.2,66.4
29/12/2168,2168,2160,Annular,Solar,-31.6,56.7
18/12/2169,2169,2160,Annular,Solar,-77.3,-6.1
25/06/2169,2169,2160,Total,Solar,59.2,168.6
09/06/2169,2169,2160,Partial,Lunar,-22.0,122.0
13/01/2169,2169,2160,Penumbral,Lunar,23.0,-127.0
04/12/2169,2169,2160,Partial,Lunar,22.0,-159.0
14/06/2170,2170,2170,Partial,Solar,65.4,-177.1
07/12/2170,2170,2170,Partial,Solar,-64.7,83.1
16/05/2170,2170,2170,Partial,Solar,-63.0,-151.9
30/05/2170,2170,2170,Total,Lunar,-22.0,-13.0
08/11/2170,2170,2170,Partial,Solar,62.5,91.6
23/11/2170,2170,2170,Total,Lunar,21.0,114.0
19/05/2171,2171,2170,Partial,Lunar,-21.0,121.0
05/05/2171,2171,2170,Annular,Solar,-19.4,144.8
12/11/2171,2171,2170,Partial,Lunar,18.0,115.0
29/10/2171,2171,2170,Total,Solar,17.6,169.1
23/04/2172,2172,2170,Annular,Solar,19.2,119.6
09/04/2172,2172,2170,Penumbral,Lunar,-7.0,0.0
17/10/2172,2172,2170,Hybrid,Solar,-17.3,-66.6
02/10/2172,2172,2170,Penumbral,Lunar,3.0,-46.0
08/05/2172,2172,2170,Penumbral,Lunar,-19.0,-133.0
31/10/2172,2172,2170,Penumbral,Lunar,16.0,100.0
21/09/2173,2173,2170,Partial,Lunar,-1.0,138.0
12/04/2173,2173,2170,Annular,Solar,56.2,-10.3
29/03/2173,2173,2170,Partial,Lunar,-3.0,-163.0
07/10/2173,2173,2170,Annular,Solar,-57.8,114.0
03/03/2174,2174,2170,Partial,Solar,-61.3,88.7
11/09/2174,2174,2170,Total,Lunar,-4.0,-106.0
18/03/2174,2174,2170,Total,Lunar,1.0,146.0
27/08/2174,2174,2170,Partial,Solar,61.4,135.6
01/04/2174,2174,2170,Partial,Solar,61.2,103.8
21/02/2175,2175,2170,Total,Solar,-34.2,122.9
16/08/2175,2175,2170,Annular,Solar,37.6,-0.5
31/08/2175,2175,2170,Partial,Lunar,-8.0,12.0
07/03/2175,2175,2170,Partial,Lunar,4.0,154.0
10/02/2176,2176,2170,Annular,Solar,-0.9,-81.3
04/08/2176,2176,2170,Total,Solar,-1.3,-170.5
26/01/2176,2176,2170,Penumbral,Lunar,20.0,-41.0
21/07/2176,2176,2170,Partial,Lunar,-21.0,24.0
29/01/2177,2177,2170,Annular,Solar,57.6,165.1
25/07/2177,2177,2170,Partial,Solar,-63.2,-85.0
14/01/2177,2177,2170,Partial,Lunar,22.0,122.0
26/06/2177,2177,2170,Partial,Solar,65.5,-139.8
20/12/2177,2177,2170,Partial,Solar,-66.1,-56.8
11/07/2177,2177,2170,Total,Lunar,-22.0,-3.0
04/01/2178,2178,2170,Total,Lunar,23.0,-115.0
30/06/2178,2178,2170,Partial,Lunar,-23.0,-25.0
24/12/2178,2178,2170,Partial,Lunar,23.0,40.0
09/12/2178,2178,2170,Annular,Solar,-62.4,69.9
16/06/2178,2178,2170,Total,Solar,71.0,-175.3
19/06/2179,2179,2170,Penumbral,Lunar,-22.0,-137.0
14/11/2179,2179,2170,Penumbral,Lunar,19.0,-175.0
28/11/2179,2179,2170,Total,Solar,-16.5,-104.6
05/06/2179,2179,2170,Annular,Solar,21.5,15.0
21/05/2179,2179,2170,Penumbral,Lunar,-21.0,-2.0
02/11/2180,2180,2180,Partial,Lunar,16.0,-167.0
17/11/2180,2180,2180,Total,Solar,30.1,26.5
24/05/2180,2180,2180,Annular,Solar,-32.6,-32.9
09/05/2180,2180,2180,Partial,Lunar,-18.0,119.0
14/04/2181,2181,2180,Partial,Solar,71.5,60.8
13/05/2181,2181,2180,Partial,Solar,-69.4,-16.9
29/04/2181,2181,2180,Total,Lunar,-15.0,-129.0
22/10/2181,2181,2180,Total,Lunar,11.0,154.0
07/11/2181,2181,2180,Partial,Solar,70.0,-170.9
08/10/2181,2181,2180,Partial,Solar,-71.9,-145.8
11/10/2182,2182,2180,Partial,Lunar,7.0,4.0
18/04/2182,2182,2180,Partial,Lunar,-10.0,43.0
03/04/2182,2182,2180,Hybrid,Solar,36.9,51.0
27/09/2182,2182,2180,Annular,Solar,-33.5,-146.7
02/09/2183,2183,2180,Penumbral,Lunar,-7.0,-107.0
16/09/2183,2183,2180,Annular,Solar,12.8,-141.9
09/03/2183,2183,2180,Penumbral,Lunar,3.0,-137.0
01/10/2183,2183,2180,Penumbral,Lunar,2.0,133.0
23/03/2183,2183,2180,Total,Solar,-8.9,-145.2
21/08/2184,2184,2180,Total,Lunar,-11.0,23.0
04/09/2184,2184,2180,Annular,Solar,67.1,-123.3
12/03/2184,2184,2180,Total,Solar,-59.4,-0.2
26/02/2184,2184,2180,Partial,Lunar,8.0,-132.0
31/01/2185,2185,2180,Partial,Solar,69.9,-62.4
14/02/2185,2185,2180,Total,Lunar,13.0,154.0
11/08/2185,2185,2180,Total,Lunar,-15.0,-122.0
26/07/2185,2185,2180,Total,Solar,-67.9,-178.5
26/12/2186,2186,2180,Penumbral,Lunar,22.0,-100.0
16/07/2186,2186,2180,Total,Solar,7.4,-46.5
04/02/2186,2186,2180,Partial,Lunar,17.0,-25.0
31/07/2186,2186,2180,Penumbral,Lunar,-19.0,-163.0
20/01/2186,2186,2180,Annular,Solar,12.8,-80.3
15/12/2187,2187,2180,Partial,Lunar,23.0,76.0
20/06/2187,2187,2180,Partial,Lunar,-23.0,21.0
06/07/2187,2187,2180,Total,Solar,53.6,63.8
09/01/2187,2187,2180,Annular,Solar,-30.0,-62.1
24/01/2187,2187,2180,Penumbral,Lunar,21.0,101.0
29/12/2187,2187,2180,Annular,Solar,-77.7,-111.2
18/11/2188,2188,2180,Partial,Solar,63.2,-45.5
24/06/2188,2188,2180,Partial,Solar,66.4,68.0
26/05/2188,2188,2180,Partial,Solar,-63.8,94.6
09/06/2188,2188,2180,Total,Lunar,-23.0,-122.0
18/12/2188,2188,2180,Partial,Solar,-65.7,-56.6
04/12/2188,2188,2180,Total,Lunar,22.0,-5.0
15/05/2189,2189,2180,Annular,Solar,-22.6,43.3
08/11/2189,2189,2180,Total,Solar,16.5,41.6
29/05/2189,2189,2180,Partial,Lunar,-22.0,8.0
22/11/2189,2189,2180,Partial,Lunar,21.0,-1.0
12/11/2190,2190,2190,Penumbral,Lunar,19.0,-18.0
13/10/2190,2190,2190,Penumbral,Lunar,7.0,-162.0
19/05/2190,2190,2190,Penumbral,Lunar,-21.0,112.0
20/04/2190,2190,2190,Penumbral,Lunar,-11.0,-119.0
29/10/2190,2190,2190,Hybrid,Solar,-19.6,173.2
04/05/2190,2190,2190,Annular,Solar,19.4,15.4
02/10/2191,2191,2190,Partial,Lunar,3.0,18.0
09/04/2191,2191,2190,Partial,Lunar,-7.0,82.0
18/10/2191,2191,2190,Annular,Solar,-58.7,5.2
23/04/2191,2191,2190,Annular,Solar,57.0,-119.2
13/03/2192,2192,2190,Partial,Solar,-61.1,-46.8
06/09/2192,2192,2190,Partial,Solar,61.2,25.8
21/09/2192,2192,2190,Total,Lunar,-0.0,134.0
12/04/2192,2192,2190,Partial,Solar,61.5,-25.4
28/03/2192,2192,2190,Total,Lunar,-4.0,34.0
11/09/2193,2193,2190,Partial,Lunar,-4.0,-104.0
03/03/2193,2193,2190,Total,Solar,-30.9,-4.4
17/03/2193,2193,2190,Partial,Lunar,0.0,40.0
26/08/2193,2193,2190,Annular,Solar,37.4,-102.9
16/08/2194,2194,2190,Total,Solar,-0.2,79.6
02/08/2194,2194,2190,Penumbral,Lunar,-19.0,-76.0
21/02/2194,2194,2190,Annular,Solar,1.9,153.5
05/02/2194,2194,2190,Penumbral,Lunar,17.0,-168.0
26/01/2195,2195,2190,Partial,Lunar,19.0,-10.0
10/02/2195,2195,2190,Annular,Solar,55.2,41.6
22/07/2195,2195,2190,Total,Lunar,-20.0,-99.0
31/12/2195,2195,2190,Partial,Solar,-65.1,171.4
05/08/2195,2195,2190,Total,Solar,-56.1,166.4
07/07/2195,2195,2190,Partial,Solar,64.6,98.5
19/12/2196,2196,2190,Annular,Solar,-63.1,-48.6
15/01/2196,2196,2190,Total,Lunar,21.0,114.0
26/06/2196,2196,2190,Total,Solar,76.3,97.0
10/07/2196,2196,2190,Partial,Lunar,-22.0,-123.0
09/12/2197,2197,2190,Total,Solar,-18.5,126.0
24/11/2197,2197,2190,Penumbral,Lunar,22.0,69.0
29/06/2197,2197,2190,Penumbral,Lunar,-22.0,117.0
31/05/2197,2197,2190,Penumbral,Lunar,-23.0,-113.0
15/06/2197,2197,2190,Annular,Solar,26.8,-87.6
04/01/2197,2197,2190,Partial,Lunar,22.0,-88.0
04/06/2198,2198,2190,Annular,Solar,-24.2,-135.7
20/05/2198,2198,2190,Partial,Lunar,-21.0,3.0
28/11/2198,2198,2190,Total,Solar,26.9,-106.0
13/11/2198,2198,2190,Partial,Lunar,19.0,79.0
19/10/2199,2199,2190,Partial,Solar,-71.4,82.9
24/05/2199,2199,2190,Partial,Solar,-68.5,-130.1
02/11/2199,2199,2190,Total,Lunar,15.0,36.0
10/05/2199,2199,2190,Total,Lunar,-18.0,115.0
18/11/2199,2199,2190,Partial,Solar,69.1,51.4
25/04/2199,2199,2190,Partial,Solar,70.8,-61.7
30/04/2200,2200,2200,Partial,Lunar,-14.0,-70.0
14/04/2200,2200,2200,Total,Solar,43.8,-68.3
23/10/2200,2200,2200,Partial,Lunar,11.0,-118.0
09/10/2200,2200,2200,Annular,Solar,-41.1,101.3
12/10/2201,2201,2200,Penumbral,Lunar,6.0,10.0
04/04/2201,2201,2200,Total,Solar,-2.7,90.2
28/09/2201,2201,2200,Annular,Solar,5.2,111.4
13/09/2201,2201,2200,Penumbral,Lunar,-3.0,135.0
20/03/2201,2201,2200,Penumbral,Lunar,-1.0,110.0
09/03/2202,2202,2200,Partial,Lunar,4.0,111.0
03/09/2202,2202,2200,Total,Lunar,-7.0,-90.0
17/09/2202,2202,2200,Annular,Solar,57.1,114.2
24/03/2202,2202,2200,Total,Solar,-52.9,-131.9
06/09/2203,2203,2200,Partial,Solar,71.8,69.4
08/08/2203,2203,2200,Partial,Solar,-70.1,57.0
12/02/2203,2203,2200,Partial,Solar,70.8,160.4
23/08/2203,2203,2200,Total,Lunar,-12.0,134.0
26/02/2203,2203,2200,Total,Lunar,9.0,30.0
16/02/2204,2204,2200,Partial,Lunar,13.0,-155.0
11/08/2204,2204,2200,Penumbral,Lunar,-16.0,99.0
02/02/2204,2204,2200,Annular,Solar,16.0,157.8
27/07/2204,2204,2200,Total,Solar,1.0,-160.1
21/01/2205,2205,2200,Annular,Solar,-27.5,178.6
17/07/2205,2205,2200,Total,Solar,47.2,-43.0
05/02/2205,2205,2200,Penumbral,Lunar,18.0,-30.0
27/12/2205,2205,2200,Partial,Lunar,23.0,-50.0
02/07/2205,2205,2200,Partial,Lunar,-22.0,-79.0
06/01/2205,2205,2200,Penumbral,Lunar,21.0,129.0
21/06/2206,2206,2200,Total,Lunar,-23.0,130.0
01/12/2206,2206,2200,Partial,Solar,64.1,175.7
30/12/2206,2206,2200,Partial,Solar,-66.8,162.3
16/12/2206,2206,2200,Total,Lunar,23.0,-124.0
10/01/2206,2206,2200,Annular,Solar,-75.9,140.5
07/06/2206,2206,2200,Partial,Solar,-64.7,-17.3
07/07/2206,2206,2200,Partial,Solar,67.4,-46.3
11/06/2207,2207,2200,Partial,Lunar,-24.0,-105.0
05/12/2207,2207,2200,Partial,Lunar,23.0,-117.0
27/05/2207,2207,2200,Annular,Solar,-27.5,-57.0
20/11/2207,2207,2200,Total,Solar,15.8,-87.8
31/05/2208,2208,2200,Penumbral,Lunar,-23.0,-2.0
23/11/2208,2208,2200,Penumbral,Lunar,22.0,-137.0
24/10/2208,2208,2200,Penumbral,Lunar,11.0,80.0
01/05/2208,2208,2200,Penumbral,Lunar,-14.0,124.0
09/11/2208,2208,2200,Hybrid,Solar,-21.8,51.4
15/05/2208,2208,2200,Annular,Solar,18.7,-87.0
05/05/2209,2209,2200,Hybrid,Solar,57.7,134.4
29/10/2209,2209,2200,Annular,Solar,-60.7,-106.3
21/04/2209,2209,2200,Partial,Lunar,-11.0,-31.0
14/10/2209,2209,2200,Partial,Lunar,7.0,-104.0
10/04/2210,2210,2210,Total,Lunar,-8.0,-76.0
03/10/2210,2210,2210,Total,Lunar,4.0,13.0
26/03/2210,2210,2210,Partial,Solar,-61.1,179.2
24/04/2210,2210,2210,Partial,Solar,61.9,-153.4
18/09/2210,2210,2210,Partial,Solar,61.0,-86.2
15/03/2211,2211,2210,Total,Solar,-27.8,-130.6
30/03/2211,2211,2210,Partial,Lunar,-4.0,-73.0
23/09/2211,2211,2210,Partial,Lunar,1.0,140.0
08/09/2211,2211,2210,Annular,Solar,36.9,152.5
13/08/2212,2212,2210,Penumbral,Lunar,-15.0,-177.0
27/08/2212,2212,2210,Total,Solar,-0.1,-31.7
18/03/2212,2212,2210,Penumbral,Lunar,-0.0,-133.0
17/02/2212,2212,2210,Penumbral,Lunar,13.0,65.0
04/03/2212,2212,2210,Annular,Solar,4.9,30.1
06/02/2213,2213,2210,Partial,Lunar,16.0,-141.0
02/08/2213,2213,2210,Total,Lunar,-18.0,165.0
17/08/2213,2213,2210,Total,Solar,-46.0,60.3
21/02/2213,2213,2210,Annular,Solar,53.4,-78.6
22/07/2214,2214,2210,Total,Lunar,-20.0,137.0
11/01/2214,2214,2210,Partial,Solar,-64.1,39.7
08/07/2214,2214,2210,Total,Solar,78.1,28.3
27/01/2214,2214,2210,Total,Lunar,18.0,-18.0
28/06/2215,2215,2210,Annular,Solar,31.4,172.0
21/12/2215,2215,2210,Total,Solar,-19.5,-4.1
07/12/2215,2215,2210,Penumbral,Lunar,24.0,-48.0
11/07/2215,2215,2210,Penumbral,Lunar,-21.0,11.0
16/01/2215,2215,2210,Partial,Lunar,20.0,144.0
12/06/2215,2215,2210,Penumbral,Lunar,-25.0,137.0
01/01/2215,2215,2210,Annular,Solar,-62.3,-168.0
16/06/2216,2216,2210,Annular,Solar,-16.7,124.6
25/11/2216,2216,2210,Partial,Lunar,21.0,-37.0
10/12/2216,2216,2210,Total,Solar,24.8,120.2
01/06/2216,2216,2210,Partial,Lunar,-23.0,-110.0
14/11/2217,2217,2210,Total,Lunar,18.0,-84.0
06/05/2217,2217,2210,Partial,Solar,70.0,178.5
05/06/2217,2217,2210,Partial,Solar,-67.5,118.9
31/10/2217,2217,2210,Partial,Solar,-70.7,-49.8
29/11/2217,2217,2210,Partial,Solar,68.1,-87.3
22/05/2217,2217,2210,Total,Lunar,-20.0,1.0
25/04/2218,2218,2210,Total,Solar,51.1,174.3
20/10/2218,2218,2210,Annular,Solar,-48.4,-12.1
03/11/2218,2218,2210,Partial,Lunar,14.0,118.0
11/05/2218,2218,2210,Partial,Lunar,-17.0,180.0
01/04/2219,2219,2210,Penumbral,Lunar,-5.0,-2.0
24/10/2219,2219,2210,Penumbral,Lunar,10.0,-114.0
24/09/2219,2219,2210,Penumbral,Lunar,2.0,16.0
09/10/2219,2219,2210,Annular,Solar,-2.0,3.0
15/04/2219,2219,2210,Total,Solar,3.7,-32.8
27/09/2220,2220,2220,Annular,Solar,48.0,-2.8
04/04/2220,2220,2220,Total,Solar,-46.2,99.0
20/03/2220,2220,2220,Partial,Lunar,-0.0,-4.0
13/09/2220,2220,2220,Partial,Lunar,-3.0,157.0
09/03/2221,2221,2220,Total,Lunar,5.0,-93.0
02/09/2221,2221,2220,Total,Lunar,-8.0,29.0
23/02/2221,2221,2220,Partial,Solar,71.5,24.2
16/09/2221,2221,2220,Partial,Solar,72.1,-58.1
18/08/2221,2221,2220,Partial,Solar,-70.9,-67.8
12/02/2222,2222,2220,Annular,Solar,20.0,36.7
26/02/2222,2222,2220,Partial,Lunar,9.0,76.0
08/08/2222,2222,2220,Total,Solar,-6.0,84.9
23/08/2222,2222,2220,Penumbral,Lunar,-12.0,0.0
16/02/2223,2223,2220,Penumbral,Lunar,14.0,-161.0
18/01/2223,2223,2220,Penumbral,Lunar,20.0,-1.0
13/07/2223,2223,2220,Penumbral,Lunar,-21.0,179.0
01/02/2223,2223,2220,Annular,Solar,-24.1,59.2
28/07/2223,2223,2220,Total,Solar,40.2,-151.7
21/01/2224,2224,2220,Annular,Solar,-72.4,25.2
26/12/2224,2224,2220,Total,Lunar,23.0,116.0
07/01/2224,2224,2220,Partial,Lunar,22.0,-176.0
01/07/2224,2224,2220,Total,Lunar,-23.0,22.0
11/12/2224,2224,2220,Partial,Solar,65.0,35.2
17/07/2224,2224,2220,Partial,Solar,68.4,-160.6
06/06/2225,2225,2220,Annular,Solar,-34.6,-156.5
09/01/2225,2225,2220,Partial,Solar,-67.8,20.4
15/12/2225,2225,2220,Partial,Lunar,24.0,125.0
01/12/2225,2225,2220,Total,Solar,15.4,141.4
21/06/2225,2225,2220,Partial,Lunar,-24.0,143.0
04/12/2226,2226,2220,Penumbral,Lunar,24.0,102.0
12/05/2226,2226,2220,Penumbral,Lunar,-17.0,10.0
20/11/2226,2226,2220,Hybrid,Solar,-23.7,-71.7
27/05/2226,2226,2220,Annular,Solar,16.8,171.5
11/06/2226,2226,2220,Penumbral,Lunar,-24.0,-113.0
05/11/2226,2226,2220,Penumbral,Lunar,14.0,-41.0
16/05/2227,2227,2220,Total,Solar,57.7,30.8
02/05/2227,2227,2220,Partial,Lunar,-15.0,-141.0
09/11/2227,2227,2220,Annular,Solar,-63.3,140.7
25/10/2227,2227,2220,Partial,Lunar,11.0,133.0
29/09/2228,2228,2220,Partial,Solar,61.1,159.6
20/04/2228,2228,2220,Total,Lunar,-12.0,177.0
14/10/2228,2228,2220,Total,Lunar,8.0,-110.0
05/04/2228,2228,2220,Partial,Solar,-61.3,47.3
29/10/2228,2228,2220,Partial,Solar,-61.9,57.7
04/05/2228,2228,2220,Partial,Solar,62.4,80.4
26/03/2229,2229,2220,Total,Solar,-25.5,105.5
09/04/2229,2229,2220,Partial,Lunar,-8.0,177.0
18/09/2229,2229,2220,Annular,Solar,36.2,44.8
03/10/2229,2229,2220,Partial,Lunar,5.0,22.0
15/03/2230,2230,2230,Annular,Solar,7.9,-91.3
07/09/2230,2230,2230,Total,Solar,-0.7,-144.5
24/08/2230,2230,2230,Penumbral,Lunar,-12.0,81.0
28/02/2230,2230,2230,Penumbral,Lunar,9.0,-61.0
29/03/2230,2230,2230,Penumbral,Lunar,-5.0,108.0
17/02/2231,2231,2230,Partial,Lunar,13.0,89.0
13/08/2231,2231,2230,Partial,Lunar,-15.0,67.0
04/03/2231,2231,2230,Annular,Solar,52.4,163.0
28/08/2231,2231,2230,Total,Solar,-41.4,-52.2
23/01/2232,2232,2230,Partial,Solar,-63.3,-91.9
18/07/2232,2232,2230,Total,Solar,72.4,-33.4
01/08/2232,2232,2230,Total,Lunar,-18.0,36.0
07/02/2232,2232,2230,Total,Lunar,15.0,-149.0
22/06/2233,2233,2230,Penumbral,Lunar,-25.0,27.0
22/07/2233,2233,2230,Penumbral,Lunar,-19.0,-97.0
11/01/2233,2233,2230,Annular,Solar,-60.0,70.4
31/12/2233,2233,2230,Total,Solar,-19.5,-134.7
17/12/2233,2233,2230,Penumbral,Lunar,25.0,-166.0
26/01/2233,2233,2230,Partial,Lunar,18.0,16.0
08/07/2233,2233,2230,Annular,Solar,35.1,73.1
21/12/2234,2234,2230,Total,Solar,23.5,-14.1
06/12/2234,2234,2230,Partial,Lunar,23.0,-155.0
12/06/2234,2234,2230,Partial,Lunar,-24.0,137.0
27/06/2234,2234,2230,Annular,Solar,-10.3,26.1
16/06/2235,2235,2230,Partial,Solar,-66.5,8.8
11/12/2235,2235,2230,Partial,Solar,67.1,133.6
11/11/2235,2235,2230,Partial,Solar,-69.9,176.6
17/05/2235,2235,2230,Partial,Solar,69.1,60.3
25/11/2235,2235,2230,Total,Lunar,21.0,154.0
02/06/2235,2235,2230,Total,Lunar,-22.0,-111.0
06/05/2236,2236,2230,Total,Solar,58.7,58.9
30/10/2236,2236,2230,Annular,Solar,-55.2,-126.4
14/11/2236,2236,2230,Partial,Lunar,17.0,-8.0
21/05/2236,2236,2230,Partial,Lunar,-20.0,72.0
11/04/2237,2237,2230,Penumbral,Lunar,-9.0,-111.0
19/10/2237,2237,2230,Annular,Solar,-8.6,-107.6
25/04/2237,2237,2230,Total,Solar,10.1,-153.7
10/05/2237,2237,2230,Penumbral,Lunar,-16.0,5.0
05/10/2237,2237,2230,Penumbral,Lunar,6.0,-105.0
03/11/2237,2237,2230,Penumbral,Lunar,14.0,120.0
08/10/2238,2238,2230,Annular,Solar,40.1,-119.7
31/03/2238,2238,2230,Partial,Lunar,-5.0,-118.0
24/09/2238,2238,2230,Partial,Lunar,1.0,42.0
15/04/2238,2238,2230,Total,Solar,-39.3,-27.3
29/08/2239,2239,2230,Partial,Solar,-71.5,165.5
20/03/2239,2239,2230,Total,Lunar,0.0,145.0
28/09/2239,2239,2230,Partial,Solar,72.1,172.0
06/03/2239,2239,2230,Partial,Solar,72.0,-110.6
14/09/2239,2239,2230,Total,Lunar,-4.0,-78.0
23/02/2240,2240,2240,Annular,Solar,24.7,-83.0
09/03/2240,2240,2240,Partial,Lunar,5.0,-52.0
02/09/2240,2240,2240,Partial,Lunar,-9.0,-101.0
18/08/2240,2240,2240,Total,Solar,-13.3,-31.3
23/07/2241,2241,2240,Penumbral,Lunar,-19.0,77.0
08/08/2241,2241,2240,Total,Solar,32.9,98.0
26/02/2241,2241,2240,Penumbral,Lunar,10.0,69.0
28/01/2241,2241,2240,Penumbral,Lunar,17.0,-132.0
11/02/2241,2241,2240,Annular,Solar,-19.9,-60.0
13/07/2242,2242,2240,Total,Lunar,-22.0,-86.0
28/07/2242,2242,2240,Partial,Solar,69.3,84.8
17/01/2242,2242,2240,Partial,Lunar,20.0,58.0
31/01/2242,2242,2240,Annular,Solar,-67.9,-95.8
22/12/2242,2242,2240,Partial,Solar,66.0,-106.9
02/07/2243,2243,2240,Total,Lunar,-23.0,32.0
07/01/2243,2243,2240,Total,Lunar,23.0,-5.0
26/12/2243,2243,2240,Partial,Lunar,24.0,7.0
18/06/2243,2243,2240,Annular,Solar,-45.6,104.7
21/01/2243,2243,2240,Partial,Solar,-68.9,-122.5
12/12/2243,2243,2240,Total,Solar,15.5,9.0
06/06/2244,2244,2240,Annular,Solar,13.8,70.7
15/12/2244,2244,2240,Penumbral,Lunar,25.0,-21.0
21/06/2244,2244,2240,Penumbral,Lunar,-25.0,136.0
15/11/2244,2244,2240,Penumbral,Lunar,17.0,-163.0
23/05/2244,2244,2240,Penumbral,Lunar,-19.0,-102.0
01/12/2244,2244,2240,Annular,Solar,-25.1,164.0
12/05/2245,2245,2240,Partial,Lunar,-18.0,111.0
04/11/2245,2245,2240,Partial,Lunar,15.0,8.0
26/05/2245,2245,2240,Total,Solar,56.7,-71.4
20/11/2245,2245,2240,Annular,Solar,-66.3,27.1
09/11/2246,2246,2240,Partial,Solar,-62.5,-63.8
16/04/2246,2246,2240,Partial,Solar,-61.6,-83.2
16/05/2246,2246,2240,Partial,Solar,63.1,-44.9
25/10/2246,2246,2240,Total,Lunar,12.0,126.0
01/05/2246,2246,2240,Total,Lunar,-15.0,72.0
10/10/2246,2246,2240,Partial,Solar,61.3,43.4
29/09/2247,2247,2240,Annular,Solar,35.6,-65.9
06/04/2247,2247,2240,Total,Solar,-23.8,-16.9
20/04/2247,2247,2240,Partial,Lunar,-12.0,68.0
15/10/2247,2247,2240,Partial,Lunar,9.0,-98.0
03/10/2248,2248,2240,Penumbral,Lunar,5.0,121.0
10/03/2248,2248,2240,Penumbral,Lunar,5.0,174.0
26/03/2248,2248,2240,Annular,Solar,10.6,150.1
18/09/2248,2248,2240,Total,Solar,-2.0,100.6
04/09/2248,2248,2240,Penumbral,Lunar,-8.0,-22.0
09/04/2248,2248,2240,Penumbral,Lunar,-9.0,-9.0
15/03/2249,2249,2240,Annular,Solar,52.0,48.4
07/09/2249,2249,2240,Total,Solar,-39.4,-167.4
24/08/2249,2249,2240,Partial,Lunar,-12.0,-32.0
28/02/2249,2249,2240,Partial,Lunar,9.0,-40.0
17/02/2250,2250,2250,Total,Lunar,12.0,81.0
02/02/2250,2250,2250,Partial,Solar,-62.5,137.6
28/08/2250,2250,2250,Partial,Solar,-61.7,-96.6
30/07/2250,2250,2250,Partial,Solar,62.9,-124.7
13/08/2250,2250,2250,Total,Lunar,-15.0,-66.0
07/02/2251,2251,2250,Partial,Lunar,15.0,-111.0
22/01/2251,2251,2250,Annular,Solar,-56.9,-53.2
28/12/2251,2251,2250,Penumbral,Lunar,25.0,75.0
19/07/2251,2251,2250,Annular,Solar,38.0,-24.2
02/08/2251,2251,2250,Partial,Lunar,-17.0,155.0
12/01/2252,2252,2250,Total,Solar,-18.5,94.0
07/07/2252,2252,2250,Annular,Solar,-4.9,-70.6
31/12/2252,2252,2250,Total,Solar,23.1,-149.1
22/06/2252,2252,2250,Partial,Lunar,-24.0,25.0
16/12/2252,2252,2250,Partial,Lunar,24.0,87.0
05/12/2253,2253,2250,Total,Lunar,22.0,31.0
21/12/2253,2253,2250,Partial,Solar,66.1,-6.0
21/11/2253,2253,2250,Partial,Solar,-68.9,41.9
26/06/2253,2253,2250,Partial,Solar,-65.5,-100.1
12/06/2253,2253,2250,Total,Lunar,-23.0,138.0
17/05/2254,2254,2250,Total,Solar,66.7,-54.1
25/11/2254,2254,2250,Partial,Lunar,20.0,-135.0
11/11/2254,2254,2250,Annular,Solar,-61.4,119.3
02/06/2254,2254,2250,Partial,Lunar,-21.0,-34.0
31/10/2255,2255,2250,Annular,Solar,-14.5,140.2
15/11/2255,2255,2250,Penumbral,Lunar,17.0,-7.0
22/04/2255,2255,2250,Penumbral,Lunar,-13.0,143.0
07/05/2255,2255,2250,Total,Solar,16.4,87.2
22/05/2255,2255,2250,Penumbral,Lunar,-19.0,-96.0
16/10/2255,2255,2250,Penumbral,Lunar,10.0,132.0
05/10/2256,2256,2250,Partial,Lunar,5.0,-75.0
10/04/2256,2256,2250,Partial,Lunar,-9.0,130.0
25/04/2256,2256,2250,Total,Solar,-32.3,-150.9
19/10/2256,2256,2250,Annular,Solar,33.1,122.3
24/09/2257,2257,2250,Total,Lunar,1.0,174.0
16/03/2257,2257,2250,Partial,Solar,72.2,116.2
09/09/2257,2257,2250,Partial,Solar,-71.9,36.6
30/03/2257,2257,2250,Total,Lunar,-4.0,24.0
15/04/2257,2257,2250,Partial,Solar,-71.3,60.1
08/10/2257,2257,2250,Partial,Solar,71.9,40.0
06/03/2258,2258,2250,Annular,Solar,30.2,158.8
20/03/2258,2258,2250,Partial,Lunar,1.0,-178.0
29/08/2258,2258,2250,Total,Solar,-20.9,-149.2
13/09/2258,2258,2250,Partial,Lunar,-4.0,157.0
08/02/2259,2259,2250,Penumbral,Lunar,14.0,98.0
04/08/2259,2259,2250,Penumbral,Lunar,-16.0,-27.0
23/02/2259,2259,2250,Annular,Solar,-15.0,-178.8
10/03/2259,2259,2250,Penumbral,Lunar,6.0,-59.0
02/09/2259,2259,2250,Penumbral,Lunar,-9.0,141.0
19/08/2259,2259,2250,Total,Solar,25.3,-13.6
29/01/2260,2260,2260,Partial,Lunar,18.0,-68.0
23/07/2260,2260,2260,Total,Lunar,-19.0,165.0
07/08/2260,2260,2260,Partial,Solar,70.2,-30.7
12/02/2260,2260,2260,Annular,Solar,-62.7,140.2
22/12/2261,2261,2260,Total,Solar,16.1,-124.2
17/01/2261,2261,2260,Total,Lunar,21.0,-125.0
31/01/2261,2261,2260,Partial,Solar,-69.9,94.8
02/01/2261,2261,2260,Partial,Solar,67.1,110.2
13/07/2261,2261,2260,Total,Lunar,-22.0,-80.0
28/06/2261,2261,2260,Partial,Solar,-66.6,6.0
06/01/2262,2262,2260,Partial,Lunar,23.0,-112.0
